Türkçe ,İngilizce
a couple of,birkaç
a good deal,oldukça çok
a great deal of,"büyük, çok miktarda"
a great many,çok sayıda
a number of,birtakım
a series of,bir dizi
a variety of,çeşitli
ability,yetenek
abroad,yurtdışı
absence,"yokluk, var olmayış"
absolutely,"tamamen, kesinlikle"
absorb,"emmek, çekmek, yutmak"
abuse,istismar etmek
academic,akademisyen
acceleration,hızlanma
accept,"kabul etmek, kabullenmek"
acceptable,kabul edilebilir
accepted,kabul gören
access,"erişim, ulaşım, erişmek"
accident,kaza
accompany,eşlik etmek
accomplish,"başarmak, ulaşmak"
accomplished,başarılı
accomplishment,başarı
accordingly,benzer şekilde
account,"açıklama, ele alma, değerlendirme"
account for,açıklamak
accumulate,birikmek
accurate,doğru
accurately,"tam, doğru olarak"
accuse,suçlamak
achieve,başarmak
achievement,başarı
acid rain,asit yağmuru
acknowledge,kabullenmek
acquainted with,aşina
acquired,edinilmiş
act,davranmak / perde / yasa
act as,…olarak iş görmek
acting,rol yapma
action,eylem
activist,"aktivist, savunucu"
activity,faaliyet
actual,"asıl, gerçek"
actually,aslında
acute,"akut, şiddetli"
adapt,"uyum sağlamak, adapte olmak, uyarlamak"
add,eklemek
add to,katkıda bulunmak
added,ek
addicted,bağımlı
addiction,bağımlılık
addition,ekleme
adequate,"uygun, yeterli"
adherence,bağlılık
adjustment,ayarlama
administrative,yönetim
admire,"beğenmek, hayran olmak, hayranlık duymak, takdir etmek"
admirer,hayran
admit,"itiraf etmek, kabul etmek"
admit to hospital,hastaneye yatırmak
admittedly,kuşkusuz
adopt,"edinmek, benimsemek"
adopt a law,kanunu yürürlüğe sokmak
adore,taparcasına sevmek
adult,yetişkin
adulthood,yetişkinlik
advance,ilerleme
advanced,ileri
advantage,avantaj
adventure,macera
adventurous,maceracı
adverse,olumsuz
advice,tavsiye
advise,tavsiye etmek
advisory,danışma
advocate,savunucu
affair,"mesele, konu"
affect,etkilemek
affectation,gösteriş
afflict,dert açmak
afford,parası yetmek
afford value,kıymet görmek
affordable,"ekonomik, uygun fiyatlı, hesaplı"
afraid,korkmuş
afterward,ardından
against,e karşı
age,"çağ, dönem / yaş"
ageing,yaşlanma
ages,uzun süre
aggression,saldırganlık
aging,yaşlanma
agree to,kabul etmek
agreeable,"hoş, makbul"
agreement,uzlaşma
agricultural,"tarımsal, zirai"
agriculture,tarım
aid,"destek, yardım"
aim,"amaç, hedef, amaçlamak"
aim to,amaçlamak
air,havalandırmak
air bag,hava yastığı
air- breathing,hava emişli
air pressure,hava basıncı
aircraft,"hava aracı, uçak"
airfare,hava yolu seyahat masrafları
airline company,havayolu şirketi
airport,havaalanı
albatross,albatros
align,"uymak, uyuşmak"
alike,"aynı, benzer"
alive,"hayatta, canlı"
alkaline,"alkali, baz"
all along,en başından
allow,"fırsat tanımak, izin vermek"
allowance,harçlık
almost,neredeyse
almost no,neredeyse hiç
alone,"yalnız, tek başına"
along,boyunca
aloud,sesli
alter,değiştirmek
alternation,değiştirme
altogether,tamamen
amazing,şaşırtıcı
ambition,hırs
ambitious,hırslı
ammonia,amonyak
amount,miktar
amphitheatre,amfitiyatro
amuse,eğlendirmek
amusing,eğlenceli
analyze,"çözümlemek, incelemek"
Anatolia,Anadolu
anatomical,anatomik
ancestor,ata
ancient,"eski, antik"
angry,kızgın
animal,hayvan
animal- rights,hayvan hakları
animation,animasyon
announce,duyurmak
annoying,rahatsız edici
annual,yıllık
answer,"cevap, cevaplamak"
Antarctic,Antartika
anti,karşıt
antiquity,antik dönem
anxiety,kaygı
anxious,istekli
apart,"uzak, ayrı"
apologize,özür dilemek
apparently,görünüşe göre
appeal,"beğeni, takdir / hitap etmek"
appeal to,hitap etmek
appear,"gibi görünmek, görülmek / ortaya çıkmak"
appearance,görünüş
appetite,zevk
appliance,cihaz
applicable,uygun
applicant,"aday, başvuran kişi"
application,başvuru
apply to,e uygulamak
appoint,atamak
appointed,belirlenmiş
appreciate,"beğenmek, takdir etmek / keyfini sürmek"
appreciation,beğeni
approach,yaklaşmak
approve,onaylamak
approximately,yaklaşık olarak
April showers bring May flowers,Perşembenin gelişi Çarşambadan bellidir (Nisan yağmurları Mayıs çiçeklerini getirir)
aquatic plant,su bitkisi
architect,mimar
architectural work,mimari eser
arctic,kuzey kutbu
area,"alan, bölge"
argue,"tartışmak, iddia etmek"
arise,ortaya çıkmak
arise from,doğmak
aristocracy,soylu sınıfı
army,"ordu, silahlı kuvvetler"
arousal,yükseliş
arouse,"uyandırmak, oluşturmak"
arouse interest,"ilgi çekmek, ilgi uyandırmak"
arrange,"(buluşma vs.) ayarlamak, düzenlemek"
arrival,varış
arrive,"ulaşmak, varmak"
art,sanat / resim
arthritis,eklem iltihabı
article,"makale, yazı"
artifact,eser
artisan,zanaatkar
artist,ressam
artistic,sanatsal
artistically,sanatsal açıdan
as a whole,bir bütün olarak
as regards,… söz konusu ise
ash,kül
aspect,"açı, yön"
assassin,suikastçi
assassinate,suikast yapmak
assert,"iddia etmek, belirtmek"
assess,değerlendirmek
assessment,değerlendirme
assistance,"yardım, destek"
associate with,ilişkilendirmek
association,birlik
assume,varsaymak
asteroid,göktaşı
astonished,şaşırmış
astounding,şaşırtıcı
astronomer,gökbilimci
astronomical,astronomik
astronomy,gökbilimi
at all costs,her ne pahasına olursa olsun
at close quarters,yakın mesafeden
at last,sonunda
at least,en azından
athlete,"atlet, sporcu"
atmosphere,"ortam, atmosfer"
attach importance,önem vermek
attack,"saldırı, saldırmak"
attempt,"çaba, teşebbüs, girişim, deneme / çabalamak, denemek"
attempt to,"amaçlamak, çabalamak"
attend,katılmak
attention,"dikkat, ilgi"
attitude,"tutum, tavır"
attract,çekmek
attract,ilgi çekmek
attract attention,dikkat çekmek
attraction,"beğeni, ilgi / turist çeken yer"
attractive,çekici
attractiveness,çekicilik
attribute to,"e bağlamak, … ile ilişkilendirmek"
audience,"izleyici, seyirci, okur, takipçi"
aunt,"teyze, hala"
author,yazar
authority,otorite
autmn,sonbahar
autobiography,otobiyografi
availability,"bulunurluk, mevcut oluş"
available,"elverişli, mevcut, ulaşılabilir, uygun"
average,ortalama
avoid,"kaçınmak, uzak durmak, sakınmak"
await,beklemek
awaken,uyandırmak
award,ödüllendirmek
aware,"farkında, bilinçli"
away,uzakta
awhile,bir süre
baby,bebek
back,arka taraf
back and forth,ileri geri
back up,desteklemek
background,"arka plan, zemin"
bad luck,kötü şans
baked,pişirilmiş
balance,"denge, dengelemek"
balcony,balkon
bald eagle,kel kartal
ballad,halk şarkısı
ban,yasaklamak
banana,muz
bank,banka
barely,çok az
barren,çıplak
base,baz
base on/upon,dayandırmak
based on,"…e dayanan, dayalı"
basic,temel
basically,temelde
basis,temel
basket,sepet
bat,yarasa
battle,savaş
battleship,savaş gemisi
be about to,mak üzere olmak
be away from,den uzak olmak
be destined,kaderinde olmak
be employed,bir işte çalışmak
be home to,"ev sahipliği yapmak, bulundurmak"
be late,geç kalmak
be likely to,büyük ihtimalle
be out of,dışında olmak
be present,"var olmak, bulunmak"
be threatened with,tehdit altında olmak
be up against,mücadele etmek
be up to,canı istemek
be willing to,istekli olmak
beach,kumsal
bean,"tohum, çekirdek"
bear,doğurmak
bear in mind,akılda tutmak
bear upon,etkilemek
beat,yenmek
beauty,güzellik
become,"olmak, -e dönüşmek"
become acquainted with,tanışmak
become extinct,soyu tükenmek
bed,yatak
beforehand,önceden
begin (V2 began),başlamak
behave,davranmak
behavior,davranış
behaviour,davranış
being,varlık
belief,"inanç, görüş"
believable,inandırıcı
believe,inanmak
believe in,inanmak
bell,"zil, çan"
belong to,ait olmak
below,aşağıda
below ground,yer altı
beneficial,"yararlı, faydalı"
benefit,"fayda, yarar"
besides,ayrıca
beyond,"ötesine, ötesinde"
biased,taraflı
bicycle,bisiklet
bill,yasa
billion,milyar
binding,cilt
biographer,biyografi yazarı
biography,biyografi
bird,kuş
birth,doğum
birth rate,doğum yapma oranı
bit,parça
bite (V3 bitten),ısırmak
bitter,acı
blame,suçlamak
blend,karıştırmak
blend into,"uyum sağlamak, araya karışmak"
block,"tıkamak, kapatmak"
blood cell count,kan hücre sayımı
blow,esmek
blow up,patlamak
blue whale,mavi balina
board,düz tabela
boast,gururlanmak
boat,"kayık, gemi"
body,kurum
bone,kemik
boom,"patlama, ani artış"
boot,bot
border,sınır
borrow,ödünç almak
Bosphorus,İstanbul Boğazı
boss,patron
bother,zahmet etmek
bottom,"taban, dip"
bound,"sınırlamak, çevrelemek"
brain,beyin
brainless,beyinsiz
branch,"dal, şube"
brazier,mangal
break (V2 broke),kırmak
break down,bozulmak
break out,(savaş vs.) patlak vermek
break through,"aşmak, üstesinden gelmek"
break up,ayrılmak
breathe,nefes almak
breathing,nefes alma
bridge,köprü
brief,"kısa, öz"
bright,"aydınlık, parlak"
brightness,parlaklık
brilliant,"harika, zekice, zeki"
bring (V2 - 3 brought),getirmek
bring about,"sağlamak, neden olmak"
bring back,geri getirmek
bring down,azaltmak
bring in,"getirmek, sunmak"
bring sth. upon sb.,başına dert açmak
bring together,bir araya getirmek
bring up,yetiştirmek
broad,"geniş, kapsamlı"
broaden,genişletmek
broken,kırık dökük
bronze,bronz
brush,fırçalamak
brushing,fırça hareketi
budget,bütçe
build,"inşa etmek, ev yapmak"
build upon,e dayandırmak
building,bina
build-up,birikme
built- in,dahili
bull,boğa
burn,yanmak
burnt- up,yanmış
bury,gömmek
bus,otobüs
bush,çalı
business,"iş, işletme"
businessman,işadamı
bust,büst
busy,"meşgul, yoğun"
by any chance,bir ihtimal
by means of,aracılığıyla
by mere chance,şans eser
certain,"belirli / kesin, emin"
certainly,kesinlikle
challenge,güçlük
challenging,mücadeleci
chamber,oda
chance,"fırsat, şans"
change,"değişiklik, değişim / değiştirmek"
change into,dönüştürmek
change somebody's mind,fikrini değiştirmek
changeable,değişken
channel,"kanal, yönlendirmek"
characteristic,özellik
characterize,karakterini şekillendirmek
charming,çekici
chase,"kovalamak, izlemek"
cheap,ucuz
check,kontrol etmek
check-in,bilet kontrol
cheetah,çita
chief,ana
childhood,çocukluk
chimpanzee,şempanze
choice,seçim
choose,seçmek
chop,kesmek
Christianity,Hıristiyanlık
chronic,kronik
church,kilise
circle,çember
circumstance,"durum, olay"
citizen,vatandaş
city dweller,şehirli
civil war,iç savaş
civilization,uygarlık
claim,iddia / iddia etmek
clarity,açıklık
class,"sınıf, zümre"
classify,sınıflandırmak
clay,kil
clean,temiz / temizlemek
clear,açık
clear away,temizlemek
clear up,ortadan kalkmak
clearly,açıkça
clerk,"görevli, memur"
clever,zeki
cleverness,zeka
cliff,"yar, uçurum"
climate,iklim
climate change,iklim değişikliği
climatic conditions,iklim koşulları
climax,doruk noktası
climb,"çıkmak, tırmanmak"
clock,saat
close,yakın / kapatmak
clothes,"giysiler, kıyafetler"
cloud,bulut
clue,"ipucu, işaret"
clump,"küme, yığın"
coach,antrenör
coal,kömür
coast,kıyı
coconut,hindistan cevizi
communicate,aktarmak
coin,"sikke, metal para"
collaborate,işbirliği yapmak
collaboration,işbirliği
colleague,meslektaş
collect,"derlemek, toplamak"
collection,derleme
collective,"birlik, kolektif, ortak"
collide with,çarpışmak
collision,çarpışma
colonization,sömürgeleşme
colony,sömürge
colossal,devasa
colour,renk
combat,"savaş, kavga"
combination,"birleşim, karışım"
combine,"birleşmek, birleştirmek"
come about,ortaya çıkmak
come across,karşılaşmak
come back,geri dönmek
come close,yaklaşmak
come into being,"oluşmak, gerçekleşmek"
come into existence,ortaya çıkmak
come out,"bitmek, sona ermek"
come to an end,gün yüzüne çıkmak
come to light,"uzlaşmak, anlayışla karşılamak"
come to terms,gerçekleşmek
come true,yükselmek
come up,kuyruklu yıldız
comet,rahat
comfortable,"kumanda etmek, yönetmek"
command,yorum
comment,ticaret
commerce,ticari / reklam
commercial,komisyon / emretmek
commission,"emtia, mülk, mal"
commodity,"ortak, yaygın"
common,ortak zemin
common ground,yaygın görüş
common view,"ortak olarak, yaygın olarak"
commonly,iletişim kurmak
communicate,topluluk
community,şirket / destek
company,kıyaslamak
compare,kıyas
comparison,"vagon bölümü, kompartıman"
compartment,zorlamak
compel,yarışmak
compete,"rekabet, yarışma"
competition,mücadeleci
competitive,yakınmak
complain,şikayet
complaint,"bütün, tam / tamamlamak"
complete,karmaşık
complex,karmaşıklık
complexity,karmaşık
complicated,"sorun, engel"
complication,"bileşen, parça"
component,"bestekar, besteci"
composer,"bileşim, bütünlük"
composition,çürümüş organik gübre
compost,birleşik
compound,anlama
comprehension,özetleme
compression,"oluşturmak, içermek"
comprise of,zorunlu
compulsive,kirletici
contaminant,edinmek
conceive,odaklanmak
concentrate on,yoğunlaşmış
concentrated,kavram
concept,"endişe, kaygı mesele, uğraş, ilgi / ilgilendirmek"
concern,endişeli
concerned,… ile ilgili
concerned with,… ile ilgili
concerning,konser
concert,kesin olarak
conclusively,kınanan
condemned,"durum, koşul, şart"
condition,koşullanma
conditioning,"görüşmek, sunmak"
confer,kendinden emin
confident,hapsetmek
confine,kendini sınırlamak
confine oneself to,"sınırlı, kısıtlı"
confined to,doğrulamak
confirm,çatışma
conflict,"karşılaşmak, yüzleşmek"
confront,kafasını karıştırmak
confuse,tebrik etmek
congratulate,bağlamak
connect,bağlı
connected,bağlantı
connection,bağlantı
conquer,fethetmek
consecutive,art arda
consecutively,art arda
consequence,sonuç
conservatoire,konservatuar
conserve,korumak
consider,"… olarak görmek, …olarak düşünmek, dikkate almak"
considerable,"büyük miktarda, çok, önemli, dikkate değer"
considerably,önemli ölçüde
consideration,düşünce
consist of,içermek
consistency,tutarlılık
consistent,tutarlı
conspiracy,komplo
conspirator,"suikastçi, komplocu"
constant,sürekli
constantly,sürekli olarak
construct,"yapılandırmak, kurmak"
construction,inşa
consume,tüketmek
consumer,tüketici
contact,iletişim
contain,içermek
contemporary,"bir döneme ait, çağdaş, güncel"
content with,memnun
contest,karşı çıkmak
context,"bağlam, içinde bulunulan durum"
continent,kıta
continental drift,kıta kayması
continually,devamlı
continue,devam etmek
continuously,sürekli olarak
contradict,çelişmek
contrary to,"aksine, tersine"
contribute,"katkı yapmak, katkıda bulunmak"
contribute to,katkıda bulunmak
contribution,katkı
controversial,tartışmalı
controversy,"anlaşmazlık, tartışma"
convenient,uygun
convention,"standart, uzlaşım / toplantı"
conventional,geleneksel
conversation,"konuşma, diyalog"
conversation,sohbet
convert,dönüştürmek
convert to,"dönmek, değişmek"
convey,aktarmak
convince,ikna etmek
convinced,ikna olmuş
convincingly,ikna edici biçimde
cook,pişirmek
cooking,"mutfak, pişirme teknikleri"
cool,soğumak
cool off,soğumak
cooperate,işbirliği yapmak
cooperation,işbirliği
cope with,başa çıkmak
copy,"kopya etmek, taklit etmek"
coral reef,"mercanköy, mercan resifi"
corn,mısır
corner,köşe
correct,doğru
correctly,doğru olarak
correlation,bağlantı
correspondent,muhabir
corruption,yolsuzluk
cosmic radiation,kozmik radyasyon
cosmos,evren
cost,"mal olmak, maliyet, masraf"
cost dearly,pahalıya mal olmak
costly,"pahalı, masraflı"
costume,kıyafet
cotton,pamuk
count,saymak
count on,güvenmek
counterpart,akran
country,"kır, şehir dışı / ülke"
courage,isteklilik
courageously,cesurca
course,ders
court,saha
court musician,saray müzisyeni
cover,"(haber vs.) yazmak / kaplamak, kapsamak"
covered with / in,kaplı
cow,inek
crash landing,arızalı iniş
create,"oluşturmak, yaratmak"
creation,"üretim, yaratma"
creative,yaratıcı
creativity,yaratıcılık
creature,yaratık
credible,inandırıcı
crew,"mürettebat, tayfa"
crime,suç
criminal,suç içeren / suçlu
critic,eleştirmen
critically,eleştirel olarak
criticism,eleştiri
criticize,eleştirmek
crop,"ekin, hasat"
cross,karşıya geçmek
cross- cultural,kültürlerarası
crossroads,kavşak
crow,karga
crowd,"kalabalık, insan topluluğu"
crowded,kalabalık
crush,kırmak
cultivate,yetiştirme
cure,"çare, tedavi, iyileştirmek"
curiosity,merak
curious,meraklı
currency,para birimi
current,şu andaki
curricula,müfredat
curtail,"engellemek, kısmak"
customer,müşteri
cut,"kesmek, biçmek"
cut down,kesmek
cycle,döngü
cycling,bisiklete binme
daily,günlük olarak
damage,"hasar, zarar / zarar vermek"
danger,tehlike
dangerous,tehlikeli
dark,karanlık
data,veri
date,tarih
date back to,… tarihine dayanmak
dawn,şafak
day-care,"bakıcılık, kreş"
daylight,günışığı
dead,ölü
deadly,ölümcül
deal with,"… ile ilgilenmek, ele almak, başa çıkmak"
death,"ölüm, vefat"
debate,tartışma / tartışmak
decade,on yıl
decay,"yok olma, çürüme"
deceive,"kandırmak, yanıltmak"
deception,kandırmaca
decide,karar vermek
decidedly,şüphesiz
decision,karar
decisive,"kararlı, kesin"
declare,açıklamak
decline,"azalma, azalmak, çöküş, gerileme"
decrease,azalmak
deep,derin
deer,geyik
defeat,yenmek
defend,savunmak
defense,savunma
define,tanımlamak
definite,"kesin, belirli"
definitely,kesinlikle
definition,tanım
degree,"derece, aşama"
delay,"gecikme, geciktirmek"
delicate,"narin, hassas"
delight,"keyif, zevk"
delightful,"keyifli, zevkli"
deliver,"teslim etmek, dağıtmak"
delivery,teslimat
demand,"talep, talep etmek"
democracy,demokrasi
democratic,demokratik
demonstrate,"göstermek, kanıtlamak"
demonstration,"gösteri, protesto"
dentist,dişçi
deny,inkar etmek
department,"bölüm, departman"
departure,"ayrılış, kalkış"
depend,"bağlı olmak, güvenmek"
dependence,bağımlılık
dependent,bağımlı
depict,"tasvir etmek, betimlemek"
deposit,"mevduat, depozito"
deprive,mahrum etmek
depth,derinlik
describe,"tanımlamak, betimlemek"
description,"tanım, betimleme"
desert,çöl
deserve,hak etmek
design,"tasarım, dizayn etmek"
designate,"belirlemek, atamak"
desire,"arzu, istek"
desk,masa
desperate,"umutsuz, çaresiz"
desperately,umutsuzca
despite,rağmen
destroy,yok etmek
destruction,"yok etme, tahribat"
detail,"detay, ayrıntı"
detailed,detaylı
detect,"tespit etmek, bulmak"
detection,tespit
detective,dedektif
deter,"caydırmak, engel olmak"
determination,"kararlılık, azim"
determine,"belirlemek, karar vermek"
determined,"kararlı, azimli"
develop,"geliştirmek, büyütmek"
development,"gelişim, kalkınma"
device,"cihaz, aygıt"
devote,"adamak, vakfetmek"
devotion,"bağlılık, sadakat"
diagnose,teşhis koymak
diagnosis,teşhis
diamond,elmas
diary,"günlük, ajanda"
dictate,"dikte etmek, söylemek"
dictator,diktatör
die,ölmek
diet,diyet
differ,farklılık göstermek
difference,"fark, ayrım"
different,farklı
differently,farklı olarak
difficult,"zor, güç"
difficulty,"zorluk, güçlük"
dig,kazmak
digest,"sindirmek, hazmetmek"
digestion,sindirim
digital,dijital
dignity,"haysiyet, onur"
dilemma,ikilem
dimension,"boyut, ebat"
diminish,"azalmak, küçülmek"
dining,yemek
dinner,akşam yemeği
direct,"doğrudan, yönlendirmek"
direction,"yön, yönelim"
directly,doğrudan olarak
director,"yönetmen, müdür"
directory,"rehber, dizin"
dirt,"kir, pislik"
dirty,kirli
disagree,"katılmamak, anlaşmamak"
disappear,ortadan kaybolmak
disappoint,hayal kırıklığına uğratmak
disappointed,hayal kırıklığına uğramış
disappointment,hayal kırıklığı
disaster,"felaket, afet"
discard,"atmak, elden çıkarmak"
discipline,"disiplin, ceza"
disclose,"açığa çıkarmak, ifşa etmek"
discomfort,rahatsızlık
disconnect,bağlantısını kesmek
discount,"indirim, iskonto"
discourage,"cesaretini kırmak, vazgeçirmek"
discover,"keşfetmek, bulmak"
discovery,"keşif, buluş"
discredit,"güvenini sarsmak, itibarını zedelemek"
discreet,"tedbirli, dikkatli"
discretion,"takdir, serbestlik"
discriminate,"ayırt etmek, ayrım yapmak"
discrimination,"ayrımcılık, fark gözetme"
discuss,"tartışmak, görüşmek"
discussion,"tartışma, görüşme"
disease,hastalık
disguise,"kılık değiştirmek, gizlemek"
disgust,"tiksinti, nefret"
dish,"tabak, yemek"
disk,disk
dismiss,"kovmak, reddetmek"
disorder,"düzensizlik, bozukluk"
display,"sergilemek, göstermek"
disposal,"imha, bertaraf"
dispose of,"atmak, kurtulmak"
dispute,"tartışma, anlaşmazlık"
disrupt,"bozmak, aksatmak"
dissatisfaction,memnuniyetsizlik
dissolve,"eritmek, çözmek"
distance,"mesafe, uzaklık"
distant,"uzak, mesafeli"
distinct,"farklı, belirgin"
distinction,"ayrım, fark"
distinguish,"ayırt etmek, farkını görmek"
distribute,"dağıtmak, paylaştırmak"
distribution,"dağıtım, dağılım"
district,"bölge, semt"
disturb,"rahatsız etmek, huzurunu bozmak"
disturbance,"rahatsızlık, huzursuzluk"
divide,"bölmek, ayırmak"
division,"bölme, ayrım"
divorce,"boşanmak, boşanma"
dizzy,"başı dönen, sersemlemiş"
do,yapmak
document,"belge, doküman"
documentary,belgesel
dog,köpek
doll,oyuncak bebek
domain,"alan, etki alanı"
domestic,"yerli, evcil"
dominance,"egemenlik, üstünlük"
dominant,"baskın, egemen"
dominate,"hakim olmak, egemen olmak"
donate,"bağışlamak, yardım etmek"
donation,"bağış, yardım"
donkey,eşek
door,kapı
doorstep,eşik
dope,uyuşturucu madde
dose,"doz, miktar"
dot,"nokta, benek"
double,"çift, iki katı"
doubt,"şüphe, kuşku"
doubtful,"şüpheli, kuşkulu"
down,"aşağı, aşağıya"
downhill,"aşağı, yokuş aşağı"
dozen,düzine
draft,"taslak, tasarı"
drag,"sürüklemek, çekmek"
drain,"boşaltmak, drenaj"
drama,"drama, tiyatro"
dramatic,"dramatik, etkileyici"
dramatically,dramatik bir şekilde
draw,"çizmek, çekmek"
drawer,çekmece
drawing,"çizim, resim"
dream,"rüya, hayal"
dress,"elbise, giyinmek"
drift,"sürüklenmek, akıntı"
drill,"matkap, delmek"
drink,"içmek, içecek"
drive,"sürmek, sürüş"
driver,sürücü
drop,"düşmek, damla"
drought,kuraklık
drown,boğulmak
drug,"ilaç, uyuşturucu"
drum,davul
drunk,sarhoş
dry,kuru
dry up,kurumak
duck,ördek
due,"vadesi gelmiş, dolayısıyla"
due to,… den dolayı
dull,"donuk, sıkıcı"
dumb,"dilsiz, aptal"
dump,"dökmek, çöplük"
during,"sırasında, esnasında"
dust,"toz, toz almak"
dusty,tozlu
duty,"görev, sorumluluk"
dwell,"ikamet etmek, yaşamak"
dwelling,"ikamet, konut"
dye,"boya, boyamak"
dynamic,dinamik
each,"her biri, her"
eager,"istekli, hevesli"
eagerly,istekli bir şekilde
eagle,kartal
ear,kulak
early,erken
earn,"kazanmak, para kazanmak"
earnings,"kazanç, gelir"
earth,"yer, toprak"
earthquake,deprem
ease,"kolaylık, rahatlık"
easily,"kolayca, rahatlıkla"
east,doğu
eastern,"doğu, doğuya ait"
easy,kolay
eat,"yemek, yem"
eat up,"bitirmek, tamamen tüketmek"
echo,"yankı, yankılanmak"
economic,ekonomik
economics,ekonomi
economist,ekonomist
economy,"ekonomi, tasarruf"
edge,"kenar, köşe"
edition,"baskı, basım"
editor,"editör, yayımcı"
educate,"eğitmek, öğretmek"
education,"eğitim, öğrenim"
educational,"eğitimsel, eğitimle ilgili"
effect,"etki, tesir"
effective,"etkili, etkileyici"
effectively,etkili bir şekilde
efficiency,"verimlilik, etkinlik"
efficient,"etkili, verimli"
effort,"çaba, gayret"
egg,yumurta
either,"ya da, her ikisinden biri"
elaborate,"ayrıntılı, detaylı"
elapse,"geçmek, zamanın geçmesi"
elastic,"esnek, elastik"
elbow,dirsek
elect,"seçmek, seçim yapmak"
election,"seçim, seçme"
electric,"elektrikli, elektrik"
electrical,elektrikle ilgili
electricity,elektrik
electronic,elektronik
elegant,"zarif, şık"
element,"element, unsur"
elevator,asansör
eliminate,"ortadan kaldırmak, elemek"
else,"başka, ayrı"
elsewhere,"başka bir yerde, başka türlü"
email,e-posta
embark on,"başlamak, girişmek"
embarrass,"utandırmak, mahcup etmek"
embarrassing,"utanç verici, sıkıcı"
embassy,elçilik
embed,"gömmek, yerleştirmek"
embrace,"kucaklamak, benimsemek"
emerge,"ortaya çıkmak, belirmek"
emergency,"acil durum, tehlike"
emit,"yaymak, çıkarmak"
emotion,"duygu, his"
emotional,duygusal
emphasis,"vurgu, önem"
emphasize,"vurgulamak, önemini belirtmek"
employ,"iş vermek, çalıştırmak"
employee,"çalışan, işçi"
employer,işveren
employment,"iş, istihdam"
empower,"yetki vermek, güçlendirmek"
empty,"boş, boşaltmak"
enable,"olanak sağlamak, mümkün kılmak"
encounter,"karşılaşma, rastlama"
encourage,"cesaretlendirmek, teşvik etmek"
encouragement,"teşvik, cesaretlendirme"
end,"son, bitiş"
endanger,"tehlikeye atmak, riske sokmak"
endangered,"tehlikede olan, nesli tükenmekte olan"
endless,"sonsuz, bitmek bilmeyen"
endorse,"onaylamak, desteklemek"
endow,"bağışlamak, bahşetmek"
endure,"dayanmak, katlanmak"
enemy,düşman
energetic,"enerjik, dinamik"
energy,"enerji, güç"
enforce,"zorlamak, uygulamak"
enforcement,"uygulama, zorlama"
engage,"meşgul olmak, bağlanmak"
engaged,"nişanlı, meşgul"
engagement,"nişan, sözleşme"
engine,"motor, makine"
engineer,mühendis
engineering,mühendislik
enhance,"artırmak, geliştirmek"
enjoy,"keyfini çıkarmak, zevk almak"
enjoyable,"keyifli, zevkli"
enjoyment,"keyif, zevk"
enormous,"muazzam, kocaman"
enough,"yeterli, yeterince"
enrich,"zenginleştirmek, artırmak"
enroll,"kaydolmak, yazılmak"
ensure,"sağlamak, garantiye almak"
enter,"girmek, katılmak"
enterprise,"işletme, girişim"
entertain,"eğlendirmek, ağırlamak"
entertainment,"eğlence, eğlendirme"
enthusiasm,"heves, coşku"
enthusiastic,"hevesli, coşkulu"
entire,"bütün, tüm"
entirely,"tamamen, bütünüyle"
entitle,"yetki vermek, hak kazandırmak"
entrance,"giriş, giriş yapmak"
entrepreneur,girişimci
entry,"giriş, kayıt"
envelope,zarf
environment,"çevre, ortam"
environmental,"çevresel, çevreyle ilgili"
environmentally,çevre açısından
envy,"kıskanmak, imrenmek"
epic,"destansı, epik"
episode,"bölüm, bölümün bir parçası"
equal,"eşit, denk"
equality,"eşitlik, denklik"
equally,"eşit olarak, aynı derecede"
equation,"denklem, eşitlik"
equip,"donatmak, teçhizatlandırmak"
equipment,"ekipman, malzeme"
equivalent,"eşdeğer, denk"
era,"çağ, dönem"
erase,"silmek, temizlemek"
erode,"aşındırmak, erozyona uğramak"
erosion,"erozyon, aşınma"
erotic,"erotik, cinsel"
err,"hata yapmak, yanılmak"
error,"hata, yanlışlık"
escape,"kaçmak, kaçış"
escort,"refakat etmek, eskortluk yapmak"
especially,"özellikle, bilhassa"
essay,"deneme, makale"
essence,"esas, öz"
essential,"gerekli, önemli"
essentially,"esasen, temel olarak"
establish,"kurmak, tesis etmek"
establishment,"kuruluş, tesis"
estate,"mal, mülk"
esteem,"saygı, itibar"
estimate,"tahmin etmek, değer biçmek"
etc.,"ve benzeri, vb."
eternal,"sonsuz, ebedi"
ethical,ahlaki
ethics,"ahlak, etik"
ethnic,"etnik, ırksal"
Europe,Avrupa
European,Avrupa'lı
evaluate,"değerlendirmek, değer biçmek"
evaluation,"değerlendirme, değer biçme"
even,"hatta, bile"
evening,akşam
event,"olay, etkinlik"
eventually,"sonunda, nihayet"
ever,"hiç, her zaman"
every,"her, her biri"
everybody,herkes
everyday,"her gün, sıradan"
everyone,herkes
everything,her şey
everywhere,her yerde
evidence,"kanıt, delil"
evident,"açık, belirgin"
evil,"kötü, şeytan"
evolution,"evrim, gelişim"
evolve,"evrim geçirmek, gelişmek"
exact,"kesin, tam"
exactly,"tam olarak, kesinlikle"
exaggerate,"abartmak, büyütmek"
exaggerated,"abartılı, şişirilmiş"
examination,"inceleme, muayene"
examine,"incelemek, muayene etmek"
example,örnek
exceed,"aşmak, geçmek"
excellent,"mükemmel, kusursuz"
except,"hariç, dışında"
exception,"istisna, fark"
exceptional,"olağanüstü, istisnai"
excess,"fazla, aşırı"
excessive,"aşırı, fazla"
exchange,"değiş tokuş, takas"
exciting,"heyecan verici, heyecanlı"
exclude,"dışlamak, hariç tutmak"
exclusion,"dışlama, hariç tutma"
exclusive,"özel, seçkin"
exclusively,"sadece, yalnızca"
excuse,"mazeret, bahane"
execute,"icra etmek, gerçekleştirmek"
execution,"idam, icra"
executive,"yönetici, yetkili"
exempt,"muaf, bağışık"
exercise,"egzersiz, egzersiz yapmak"
exhaust,"tüketmek, yormak"
exhibit,"sergilemek, sergi"
exhibition,"sergi, gösteri"
exist,"var olmak, mevcut olmak"
existence,"varlık, mevcudiyet"
exit,"çıkış, çıkmak"
expand,"genişlemek, genişletmek"
expansion,"genişleme, genişletme"
expect,"ummak, beklemek"
expectation,"beklenti, umut"
expected,beklenen
expensive,pahalı
experience,"deneyim, tecrübe"
experienced,"deneyimli, tecrübeli"
experiment,"deney, deneme"
experimental,deneysel
expert,"uzman, uzmanlık"
expertise,"uzmanlık, uzmanlık alanı"
expire,"süresi dolmak, sona ermek"
explain,"açıklamak, izah etmek"
explanation,"açıklama, izah"
explode,"patlamak, infilak etmek"
exploit,"sömürmek, faydalanmak"
exploration,"keşif, araştırma"
explore,"keşfetmek, araştırmak"
explosion,"patlama, infilak"
export,"ihracat, ihraç etmek"
expose,"maruz bırakmak, açığa çıkarmak"
exposure,"maruz kalma, teşhir"
express,"ifade etmek, belli etmek"
expression,"ifade, anlatım"
extend,"uzatmak, genişletmek"
extension,"uzatma, ek"
extensive,"kapsamlı, geniş"
extent,"derece, boyut"
external,"dış, harici"
extra,"ekstra, fazladan"
extract,"çıkarmak, özünü çıkarmak"
extraordinary,"sıradışı, olağanüstü"
extreme,"aşırı, aşırılık"
extremely,"son derece, aşırı"
eye,göz
eyebrow,kaş
eyelash,kirpik
fabric,"kumaş, doku"
face,yüz
facial,yüzle ilgili
facilitate,"kolaylaştırmak, olanak sağlamak"
facility,"tesis, olanak"
fact,"gerçek, hakikat"
factor,"faktör, etken"
factory,fabrika
faculty,"yetenek, öğretim üyeleri"
fade,"solmak, solgunlaşmak"
fail,"başarısız olmak, başarısızlık"
failure,"başarısızlık, hata"
faint,"bayılmak, baygınlık"
fair,"adil, dürüst"
fairly,"oldukça, adilce"
faith,"inanç, güven"
faithful,"sadık, vefalı"
fake,"sahte, taklit"
fall,"düşmek, sonbahar"
FALSE,"yanlış, sahte"
familiar,"tanıdık, aşina"
family,aile
famine,"kıtlık, açlık"
famous,"ünlü, meşhur"
fan,"hayran, fan"
fancy,"süslü, fantezi"
fantastic,"harika, fantastik"
fantasy,"fantezi, hayal"
far,"uzak, uzakta"
fare,"ücret, bilet"
farm,çiftlik
farmer,çiftçi
fashion,"moda, şekil"
fashionable,"modaya uygun, şık"
fast,hızlı
fasten,"bağlamak, tutturmak"
fat,"yağlı, yağ"
fate,kader
father,baba
fault,"hata, kusur"
favor,"iyilik, lütuf"
favorable,"olumlu, elverişli"
favorite,"favori, en sevilen"
fear,"korku, korkmak"
feast,"ziyafet, şölen"
feather,"tüy, kuş tüyü"
feature,"özellik, nitelik"
February,Şubat
federal,"federal, ulusal"
fee,"ücret, harç"
feed,"beslemek, yedirmek"
feedback,geri bildirim
feel,"hissetmek, dokunmak"
feeling,"his, duygu"
fellow,"arkadaş, dost"
female,"dişi, kadın"
fence,çit
festival,"festival, şenlik"
fetch,"alıp getirmek, gidip getirmek"
fever,"ateş, humma"
few,"birkaç, az"
fiber,"lif, tel"
fiction,"kurgu, hayal"
field,"alan, tarla"
fierce,"şiddetli, vahşi"
fight,"kavga etmek, savaşmak"
figure,"şekil, figür"
file,"dosya, dosyalamak"
fill,"doldurmak, dolmak"
film,"film, film çekmek"
filter,"filtre, süzmek"
final,"son, nihai"
finally,"sonunda, nihayet"
finance,"finans, para piyasası"
financial,"finansal, mali"
find,"bulmak, keşfetmek"
finding,"bulgu, sonuç"
fine,"iyi, güzel"
finger,parmak
finish,"bitirmek, bitiş"
fire,"ateş, yangın"
fireplace,şömine
firm,"sıkı, firma"
firmly,"sağlam bir şekilde, sıkıca"
first,"ilk, baş"
firstly,ilk olarak
fish,balık
fisherman,balıkçı
fishing,balıkçılık
fist,yumruk
fit,"uygun, uymak"
fitness,"uygunluk, form"
fix,"onarmak, sabitlemek"
fixed,"sabit, değişmez"
fixture,"sabit eşya, tesisat"
flag,bayrak
flame,"alev, ateş"
flash,"parlamak, ışıldamak"
flat,"düz, apartman dairesi"
flavor,"tat, lezzet"
flaw,"kusur, hata"
flea,pire
flee,"kaçmak, kaçınmak"
fleet,"donanma, filo"
flesh,"et, etli kısım"
flexibility,esneklik
flexible,"esnek, bükülebilir"
flick,"hafifçe vurmak, fırlatmak"
flight,"uçuş, kaçış"
float,"yüzmek, batmamak"
flood,"sel, su baskını"
floor,"zemin, kat"
flour,un
flow,"akış, akmak"
flower,çiçek
flu,grip
fluid,"sıvı, akışkan"
flush,"sifon çekmek, yüzeyi temizlemek"
fly,"uçmak, sinek"
focus,"odaklanmak, odak"
fold,"katlamak, kıvrım"
folder,klasör
folk,"halk, halka ait"
follow,"takip etmek, izlemek"
following,"takip eden, izleyen"
follow up,"takip etmek, izlemek"
food,"yiyecek, gıda"
fool,"aptal, budala"
foolish,"aptalca, budalaca"
foot,"ayak, ayaklık"
football,futbol
for,"için, … e kadar"
forbid,"yasaklamak, men etmek"
force,"zorlamak, güç"
forecast,"tahmin etmek, tahmin"
forehead,alın
foreign,"yabancı, dış"
forest,orman
forever,sonsuza kadar
forget,unutmak
forgive,affetmek
fork,çatal
form,"form, biçim"
formal,"resmi, ciddi"
formally,resmi olarak
formation,"oluşum, formasyon"
former,"eski, önceki"
formerly,"eskiden, önceden"
formula,"formül, reçete"
forth,ileri
fortunate,"şanslı, talihli"
fortunately,"neyse ki, şans eseri"
fortune,"şans, talih"
forward,"ileri, ileriye"
fossil,fosil
foster,"bakmak, beslemek"
foundation,"temel, vakıf"
founder,"kurucu, kurmak"
found,"bulmak, keşfetmek"
four,dört
fourth,dördüncü
fraction,"kesir, bölüm"
fragile,"kırılgan, hassas"
fragment,"parça, kırıntı"
frame,"çerçeve, kafes"
framework,"yapı, çerçeve"
frankly,"açıkçası, dürüstçe"
fraud,"dolandırıcılık, hile"
free,"özgür, bedava"
freedom,"özgürlük, serbestlik"
freeze,"donmak, dondurmak"
frequency,"sıklık, frekans"
frequent,"sık, sıkça"
frequently,"sık sık, sıkça"
fresh,"taze, yeni"
fridge,buzdolabı
friend,arkadaş
friendly,"dostça, arkadaşça"
friendship,"dostluk, arkadaşlık"
frighten,"korkutmak, ürkütmek"
from,"-den, -dan, -dan itibaren"
front,"ön, ön taraf"
frontier,"sınır, sınır bölgesi"
fruit,meyve
frustration,"hayal kırıklığı, hüsran"
fry,"kızartmak, kavurmak"
fuel,yakıt
fulfill,"yerine getirmek, gerçekleştirmek"
full,"dolu, tam"
fully,"tamamen, bütünüyle"
fun,"eğlence, şaka"
function,"işlev, fonksiyon"
fund,"fon, kaynak"
fundamental,"temel, esas"
funeral,"cenaze, cenaze töreni"
funny,komik
fur,kürk
furious,"öfkeli, kızgın"
furniture,"mobilya, mobilyalar"
further,"daha ileri, daha uzak"
furthermore,"dahası, ayrıca"
future,gelecek
gain,"kazanç, kazanmak"
gallery,galeri
game,"oyun, oynamak"
gang,"çete, ekip"
gap,"boşluk, aralık"
garage,garaj
garbage,"çöp, atık"
garden,"bahçe, park"
garlic,sarımsak
gas,gaz
gate,"kapı, geçit"
gather,"toplamak, bir araya getirmek"
gathering,"toplanma, toplama"
gay,"eşcinsel, neşeli"
gaze,"bakış, dik dik bakmak"
gear,"vites, dişli"
gender,cinsiyet
general,genel
generally,genellikle
generate,"üretmek, oluşturmak"
generation,"nesil, kuşak"
generous,"cömert, eli açık"
generously,"cömertçe, bolca"
genetic,genetik
genius,"dahi, üstün zekalı"
gentle,"nazik, yumuşak"
gentleman,"beyefendi, efendi"
genuinely,"gerçekten, samimiyetle"
geography,coğrafya
geological,jeolojik
geometry,geometri
get,"almak, elde etmek"
giant,"dev, kocaman"
gift,"hediye, armağan"
giggle,"kıkırdamak, kıkırdatmak"
girl,"kız, kız çocuğu"
girlfriend,kız arkadaş
give,vermek
given,verilmiş
glad,"memnun, sevinçli"
glance,"göz atmak, bakmak"
glass,"cam, bardak"
global,"küresel, evrensel"
glove,eldiven
go,"gitmek, gitmek"
goal,"hedef, amaç"
goat,keçi
god,tanrı
gold,altın
golden,"altın renginde, altın gibi"
golf,golf
good,"iyi, iyi şekilde"
goods,"mal, malzeme"
goodbye,"hoşça kal, güle güle"
goodness,"iyilik, güzellik"
goods,"mal, eşya"
gorgeous,"muhteşem, harika"
gossip,"dedikodu, dedikodu yapmak"
govern,"yönetmek, hükmetmek"
government,"hükümet, devlet"
governor,"vali, hükümdar"
grab,"kapmak, yakalamak"
grace,"zarafet, lütuf"
graceful,"zarif, hoş"
grade,"sınıf, derece"
gradual,"kademeli, aşamalı"
gradually,"yavaş yavaş, kademeli"
graduate,"mezun olmak, mezun"
grain,"tahıl, tanecik"
gram,gram
grammar,dilbilgisi
grand,"muazzam, büyük"
grandchild,torun
grandfather,büyükbaba
grandmother,büyükanne
grant,"vermek, bağışlamak"
grape,üzüm
graphic,"grafik, çizgesel"
grass,"çimen, ot"
grateful,"minnettar, şükranlı"
grave,mezar
gravity,yerçekimi
gray,gri
great,"harika, büyük"
greatly,"büyük ölçüde, çok"
greet,"selamlamak, karşılamak"
greeting,"selam, tebrik"
grey,gri
grid,"ızgara, kafes"
grief,"keder, üzüntü"
groceries,"market alışverişi, bakkal alışverişi"
grocery,"market, bakkal"
ground,"zemin, yer"
group,"grup, topluluk"
grow,"büyümek, yetiştirmek"
growth,"büyüme, gelişme"
guarantee,"garanti, garanti vermek"
guard,"bekçi, muhafız"
guess,"tahmin etmek, tahmin"
guest,misafir
guidance,"rehberlik, yönlendirme"
guide,"rehber, rehberlik etmek"
guilt,"suç, suçluluk"
guilty,"suçlu, kabahatli"
guitar,gitar
gun,"silah, tüfek"
guy,"adam, eleman"
habit,"alışkanlık, huy"
habitat,"yaşam alanı, ortam"
hair,saç
haircut,"saç kesimi, kuaföre gitme"
half,"yarım, yarı"
hall,"salon, koridor"
halt,"durdurmak, durak"
ham,jambon
hamburger,hamburger
hammer,çekiç
hand,"el, vermek, iletmek"
handbag,el çantası
handbook,"el kitabı, kılavuz"
handful,"avuç dolusu, el dolusu"
handicap,"engel, dezavantaj"
handle,"tutmak, ele almak"
handsome,"yakışıklı, güzel"
hang,"asmak, sallanmak"
hang out,"takılmak, dışarıda vakit geçirmek"
happen,"olmak, meydana gelmek"
happiness,"mutluluk, sevinç"
happy,"mutlu, mutlu olmak"
harbor,liman
hard,"zor, sert"
hardly,"neredeyse hiç, zar zor"
hardship,"zorluk, güçlük"
hardware,"donanım, donanım parçaları"
harm,"zarar, zarar vermek"
harmful,"zararlı, zarar verici"
harmony,"uyum, harmoni"
harvest,"hasat etmek, hasat"
hat,şapka
hate,nefret etmek
hatred,"nefret, kin"
have,"sahip olmak, var"
hazard,"tehlike, risk"
he,o (erkek)
head,"baş, kafa"
headache,baş ağrısı
heal,"iyileşmek, iyileştirmek"
health,sağlık
healthy,sağlıklı
heap,"yığın, küme"
hear,"duymak, işitmek"
hearing,"işitme, duruşma"
heart,"kalp, yürek"
heat,"ısı, ısıtmak"
heater,"ısıtıcı, kalorifer"
heaven,cennet
heavily,"ağır bir şekilde, yoğun olarak"
heavy,"ağır, yoğun"
heel,topuk
height,"yükseklik, boy"
helicopter,helikopter
hell,"cehennem, lanet"
hello,"merhaba, selam"
helmet,kask
help,"yardım etmek, yardım"
helpful,"yardımsever, yararlı"
hence,"bundan dolayı, bu nedenle"
her,onun (kadın)
here,"burada, burası"
heritage,"miras, kalıtım"
hero,kahraman
herself,kendi (kadın)
hesitate,tereddüt etmek
hesitation,"tereddüt, duraksama"
hi,"merhaba, selam"
hide,"saklamak, gizlemek"
high,"yüksek, yüksek seviyede"
highlight,"vurgulamak, öne çıkarmak"
highly,"son derece, yüksek derecede"
highway,"otoyol, karayolu"
hill,"tepe, bayır"
him,onu (erkek)
himself,kendisi (erkek)
hip,kalça
hire,"kiralamak, işe almak"
his,onun (erkek)
historian,tarihçi
historic,"tarihi, tarihî"
historical,"tarihsel, tarihî"
history,tarih
hit,"vurmak, çarpmak"
hobby,"hobi, merak"
hold,"tutmak, düzenlemek"
hole,"delik, çukur"
holiday,"tatil, bayram"
hollow,"oyuk, boşluk"
holy,"kutsal, mübarek"
home,"ev, yuva"
homework,ev ödevi
honest,"dürüst, namuslu"
honestly,"dürüstçe, açıkça"
honey,bal
honor,"onur, şeref"
hook,"çengel, kanca"
hope,"umut etmek, umut"
hopefully,"umutla, umutla ki"
hopeless,"umutsuz, çaresiz"
horizon,ufuk
horn,"boynuz, korna"
horror,"korku, dehşet"
horse,"at, zıpkın"
hospital,hastane
host,"ev sahibi, ağırlamak"
hot,"sıcak, acı"
hotel,otel
hour,"saat, saat başı"
house,"ev, konut"
household,"ev halkı, hane halkı"
housing,"konut, konut yapımı"
how,"nasıl, ne kadar"
however,"ancak, ama, fakat"
huge,"muazzam, kocaman"
human,"insan, beşer"
humanity,"insanlık, beşerlik"
humble,"alçak gönüllü, mütevazı"
humor,"mizah, espri"
humorous,"komik, mizahi"
hundred,yüz
hundredth,yüzüncü
hunger,"açlık, acıkmak"
hungry,"aç, acıkmış"
hunt,"avlanmak, avlamak"
hunter,avcı
hunting,"avlanma, avcılık"
hurry,"acele etmek, hızlı olmak"
hurt,"incitmek, acıtmak"
husband,"koca, eş"
hypothesis,"hipotez, varsayım"
I,ben
ice,buz
ice cream,dondurma
idea,"fikir, düşünce"
ideal,"ideal, kusursuz"
identification,"kimlik, tanımlama"
identify,"tanımlamak, belirlemek"
identity,"kimlik, kişilik"
idiot,"aptal, salak"
if,eğer
ignore,"görmezden gelmek, ihmal etmek"
ill,hasta
illegal,"yasa dışı, kaçak"
illness,"hastalık, rahatsızlık"
illustrate,"göstermek, resmetmek"
illustration,"resim, örnek"
image,"görüntü, imaj"
imagination,"hayal gücü, imgelem"
imagine,"hayal etmek, düşünmek"
immediate,"hemen, derhal"
immediately,"hemen, derhal"
immigrant,göçmen
immigration,"göç, göç etme"
impact,"etki, darbe"
implement,"uygulamak, yerine getirmek"
implication,"sonuç, ima"
imply,"ima etmek, anlamına gelmek"
import,"ithalat, ithal etmek"
importance,"önem, ehemmiyet"
important,"önemli, mühim"
impose,"dayatmak, zorlamak"
impossible,"imkansız, olanaksız"
impress,"etkilemek, iz bırakmak"
impression,"izlenim, etki"
impressive,"etkileyici, etkileyici"
improve,"gelişmek, ilerlemek"
improvement,"gelişme, ilerleme"
in,"içinde, de, da, -de, -da"
incentive,"teşvik, özendirme"
incident,"olay, hadise"
include,"içermek, kapsamak"
including,"içeren, dahil"
income,"gelir, kazanç"
incorporate,"birleştirmek, dahil etmek"
increase,"artmak, artış"
increasingly,"giderek, artarak"
incredible,"inanılmaz, şaşırtıcı"
incredibly,"inanılmaz derecede, şaşırtıcı bir şekilde"
indeed,"gerçekten, aslında"
independence,"bağımsızlık, özgürlük"
independent,"bağımsız, özgür"
index,"dizin, endeks"
indicate,"belirtmek, işaret etmek"
indication,"belirti, işaret"
individual,"birey, bireysel"
indoor,"kapalı alan, iç mekan"
indoors,"kapalı mekanda, içerde"
induce,"sebep olmak, ikna etmek"
indulge,"şımartmak, vermek, kaçırmak"
industrial,"endüstriyel, sanayi"
industry,"endüstri, sanayi"
inevitable,"kaçınılmaz, muhakkak"
inevitably,kaçınılmaz bir şekilde
infant,"bebek, süt çocuğu"
infection,"enfeksiyon, bulaşma"
infectious,bulaşıcı
infer,"sonuç çıkarmak, anlamak"
influence,"etki, tesir"
influential,"etkili, etkileyici"
inform,"bilgilendirmek, haber vermek"
information,"bilgi, bilgiler"
infrastructure,altyapı
ingredient,"içerik, malzeme"
inhabit,"ikamet etmek, oturmak"
inhabitant,"sakin, oturan"
inheritance,"miras, kalıtım"
inherit,miras almak
initial,"ilk, başlangıç"
initially,"başlangıçta, ilk olarak"
initiate,"başlatmak, başlatıcı"
initiative,"girişim, teşebbüs"
injure,"yaralamak, incitmek"
injury,"yaralanma, sakatlık"
ink,mürekkep
inner,"iç, dahili"
innocent,"masum, suçsuz"
inquiry,"sorgu, soruşturma"
insect,böcek
insert,"eklemek, yerleştirmek"
inside,"içinde, içeride"
insight,"içgörü, anlayış"
insist,ısrar etmek
insistence,ısrar
insistently,"ısrarla, inatla"
inspect,"denetlemek, incelemek"
inspection,"denetleme, inceleme"
inspector,"denetçi, muayene memuru"
inspire,ilham vermek
inspiring,ilham verici
install,"kurmak, monte etmek"
installation,"kurulum, montaj"
instance,"örnek, misal"
instead,"bunun yerine, -e karşın"
institution,"kuruluş, kurum"
instruct,"talimat vermek, öğretmek"
instruction,"talimat, yönerge"
instructor,"eğitmen, öğretmen"
instrument,"enstrüman, alet"
insult,"hakaret etmek, aşağılamak"
insurance,sigorta
insure,"sigorta etmek, güvence altına almak"
intellectual,"entelektüel, zihinsel"
intelligence,"zeka, istihbarat"
intelligent,"zeki, akıllı"
intend,"niyet etmek, amaçlamak"
intense,"yoğun, şiddetli"
intensity,"yoğunluk, şiddet"
intention,"niyet, maksat"
intentionally,"kasten, bilerek"
interaction,"etkileşim, etkileşim"
interactive,"etkileşimli, etkileşimli"
interest,"ilgi, faiz"
interested,"ilgili, meraklı"
interesting,"ilginç, ilgi çekici"
interior,"iç, dahili, iç kısım"
interpret,"yorumlamak, çevirmek"
interpretation,"yorum, tercüme"
interrupt,"araya girmek, kesmek"
interruption,"kesinti, ara"
interval,"aralık, mola"
interview,"röportaj, mülakat"
into,"içine, -e doğru, içeri"
introduce,"tanıtmak, tanıştırmak"
introduction,"tanıtım, giriş"
invade,"istila etmek, işgal etmek"
invasion,"istila, işgal"
invent,"icat etmek, bulmak"
invention,"icat, buluş"
inventory,"envanter, stok"
invest,yatırım yapmak
investigate,"araştırmak, soruşturmak"
investigation,"araştırma, soruşturma"
investigator,"araştırmacı, soruşturmacı"
invisible,görünmez
invitation,"davet, davetiye"
invite,davet etmek
involved,"dahil, ilgili"
involvement,"katılım, ilgili"
iron,"demir, ütü"
island,ada
isolate,"izole etmek, soyutlamak"
isolated,"izole, yalnız"
isolation,"izolasyon, soyutlama"
issue,"sorun, konu"
it,o
item,"madde, parça"
its,onun
itself,kendisi
jacket,ceket
jail,"hapishane, zindan"
jam,reçel
January,Ocak
jar,kavanoz
jaw,çene
jazz,caz
jealous,kıskanç
jeans,kot pantolon
jelly,"jöle, jelibon"
jewelry,"mücevherat, takı"
job,"iş, meslek"
join,"katılmak, birleştirmek"
joint,"eklem, birleşik"
joke,"şaka, espri"
journalist,"gazeteci, muhabir"
journey,"yolculuk, seyahat"
joy,"sevinç, neşe"
judge,"hakim, yargıç"
judgment,"karar, hüküm"
juice,"meyve suyu, suyu"
July,Temmuz
jump,"atlamak, sıçramak"
June,Haziran
junior,"genç, alt seviyede"
junk,"gereksiz şeyler, hurda"
jury,jüri
just,"sadece, hemen"
justice,"adalet, hak"
justify,haklı çıkarmak
keen,"istekli, hevesli"
keep,"tutmak, korumak"
keyboard,klavye
kick,"tekmelemek, tekme"
kid,"çocuk, çocuk yapmak"
kill,"öldürmek, öldürme"
killer,"katil, öldürücü"
killing,"öldürme, katletme"
kilogram,kilogram
kilometer,kilometre
kind,"tür, çeşit"
kindly,"nazikçe, nazik"
kindness,"kibarlık, iyilik"
king,kral
kingdom,"krallık, ülke"
kiss,"öpmek, öpücük"
kitchen,mutfak
knee,diz
knife,bıçak
knit,örmek
knock,"vurmak, kapıyı çalmak"
know,"bilmek, tanımak"
knowledge,"bilgi, bilgi sahibi olma"
laboratory,laboratuvar
lack,"eksiklik, yokluk"
ladder,"merdiven, basamak"
lady,"hanım, bayan"
lake,göl
lamp,lamba
land,"arazi, kara"
landscape,"manzara, peyzaj"
lane,"yol, şerit"
language,"dil, lisan"
land area,yüzölçümü
landmark,simge
landscape,tabiat
largely,"büyük ölçüde, çoğunlukla"
last,"(zaman) sürmek, belirli bir süre boyunca devam etmek"
lasting,"kalıcı, uzun süreli"
late-comer,geç kalan kişi
latest,"en son, en yeni"
latter,"ikinci, sonraki"
laugh,gülmek
laughter,"kahkaha, gülmek"
lava,lav
law,"hukuk, kural, kanun, yasa"
lay emphasis on,vurgulamak
layer,"tabaka, katman"
lead,sürdürmek
lead to,"sebep olmak, yol açmak"
leader,lider
leading,"öncü, önde gelen"
leaf (pl. leaves),"(ağaç) yaprak, sayfa"
leather,deri
leave (V2 - 3 left),"ayrılmak, çıkmak, geride bırakmak"
lecture,ders
legacy,miras
legal,hukuki
legend,efsane
legislation,yasa
legislative,yasama
leisure time,boş zaman
lend,borç vermek
length,uzunluk
lessen,azalmak
lesson,ders
let sb. down,hayal kırıklığına uğratmak
let sb. know,haber vermek
letter,mektup
level,"dengelemek, düzey, seviye"
liable,eğilimli
lie,yalan söylemek
lie down,uzanmak
lie in,temelinde yatmak
life,yaşam
lifelike,gerçekçi
lifespan,ömür süresi
lifetime,ömür
light (V2 - 3 lit),yakmak / ışık / hafif / (renk) açık
light up,aydınlatmak
lighthouse,deniz feneri
likely,muhtemel
liken,benzetmek
likeness,benzerlik
limit,sınır
limited,sınırlı
limited to,sınırlı
line,"sıra, kuyruk, şerit"
linear,çizgisel
linguistic,dilbilim
linked,"bağlı, birleşik"
lion,aslan
liquid,sıvı
literacy,okuryazarlık
literary,edebi
literate,okuryazar
literature,edebiyat
litter,"atık, çöp"
live,canlı
live up to,-e göre yaşamak
livelihood,yaşam
living,canlı
local,yerel
locate,konumlandırmak
location,"konum, yer"
lock,kilitlemek
logic,mantık
logical,mantıksal
lone,"tek, yalnız"
loneliness,yalnızlık
lonely,yalnız
long-term,uzun dönemli
long-lasting,dayanıklı
look,"bakmak, görünmek"
look after,"ilgilenmek, bakmak"
look away,dalıp gitmek
look down on,küçümsemek
look for,aramak
look forward to,dört gözle beklemek
look like,… gibi görünmek
look to,yönelmek
look up,aramak
lorry,kamyon
lose (V2 - 3 lost),kaybetmek
loss,kayıp
lot,grup
loudly,yüksek sesle
low,düşük
lower,azaltmak
loyal,sadık
loyalty,sadakat
lucky,şanslı
luggage,"bavul, bagaj"
lunar,ay
lung,akciğer
luxurious,lüks
magnetic field,manyetik alan
magnificence,ihtişam
magnificent,"görkemli, muhteşem"
magnified,abartılı
magnify,artırmak
main,ana
main idea,ana fikir
mainly,"ana olarak, temelde, aslında, çoğunlukla"
maintain,"iddia etmek / korumak, sürdürmek"
majestic,muhteşem
major,"ana, büyük"
majority,çoğunluk
make available,"sağlamak, erişilir hale gelmek"
make do with,…ile yetinmek
make familiar,tanıtmak
make out,anlamak
make progress,ilerleme kaydetmek
make sb. laugh,güldürmek
make sense,mantıklı olmak
make sth clear,açıkça belirtmek / göstermek
make sth. happen,gerçekleştirmek
make up,"oluşturmak, uydurmak"
make up for,telafi etmek
make use of,"kullanmak, faydalanmak, yararlanmak"
make-believe,"hayali, sahte"
make-up,bileşim
malaria,sıtma
male,erkek
malnutrition,dengesiz beslenme
maltreat,kötü muamele etmek
manage,başarmak
manage to,"başarmak, üstesinden gelmek"
management,yönetim
mankind,insanoğlu
manned,insanlı
manned flight,insanlı uçuş
manner,tarz
manner,"tarz, tavır"
manufacture,üretmek
manufacturing,"imalat, üretim"
manuscript,el yazması
map,haritasını çıkarmak
marine,deniz
mark,işaretlemek
markedly,önemli derecede
market economy,pazar ekonomisi
marriage,evlilik
mass,"kitle, topluluk, kütle"
master,usta
masterpiece,başyapıt
match,"yetişmek, erişmek, karşılamak"
material,madde
matter,"konu, sorun, mesele / (fizik) madde"
matter,"sorun, mesele"
mattress,"döşek, şilte"
mayor,belediye başkanı
meal,"öğün, yemek"
mean,anlamına gelmek
meaning,anlam
means,araç
measure,ölçmek
measurement,ölçüm
meat,et
mechanical,"mekanik, değişmeyen"
mechanism,mekanizma
medical centre,sağlık merkezi
medical school,tıp okulu
medication,ilaç
medicinal,tıbbi
medicine,"tıp / ilaç, tıbbi madde"
medieval,orta çağ
Mediterranean,Akdeniz
meet,buluşmak
meet needs,ihtiyacı karşılamak
meet up,buluşmak
melt,erimek
member,üye
memorize,ezberlemek
memory,"hafıza, hatıra"
mental,"akli, zihinsel"
mental illness,akli rahatsızlık
mentally,ruhsal olarak
mention,bahsetmek
mercy,insaf
merely,"sadece, yalnızca"
meridian,meridyen
message,ileti
metaphor,eğretileme
meteor,göktaşı
metropolis,büyük şehir
Middle Ages,Orta Çağ
middle child,ortanca çocuk
midnight,gece yarısı
mid-week,hafta ortası
migraine,migren
migrate,göç etmek
migration,göç
mild,hafif
militarily,askeri açıdan
military,askeri
Milky Way,Samanyolu
mind,"akıl, zihin / sorun etmek"
mind your own business,kendi işine bak
mine,maden
minor,"küçük, az"
misconception,yanlış anlama
misery,çaresizlik
misfortune,talihsizlik
mismatch,uyumsuzluk
miss,gözden kaçırmak
mistake,hata (yapmak)
mistaken,hatalı
mistakenly,yanlışlıkla
mix,karışım
mixed,karışık
mixed-cropping,karma mahsul
mixture,karışım
modest,"küçük, az"
molecule,molekül
molten,erimiş
monarch,kraliyet ailesi
monastery,manastır
monitor,gözlemlemek
monkey,maymun
monument,anıt
monumental,anıtsal
mood,"ruh hali, tarz"
moon,"ay, uydu"
moral,"ders, manevi"
mosquito,sivrisinek
mostly,çoğunlukla
mountain,dağ
mountaineering,dağcılık
mountainside,dağın eteği
move,hareket etmek
move off,uzaklaşmak
move upon,çıkmak
movement,hareket
movie,film
mud bath,çamur banyosu
murder,cinayet
muscle,kas
musical instrument,müzik aleti
mysterious,gizemli
mystery,gizem
myth,efsane
name for,adını almak
narrate,anlatmak
narrator,anlatıcı
narrow,dar
nasty,"ağır, çirkin"
nation,ulus
national,ulusal
national team,milli takım
native,"ana, bir yere özgü, yerli"
natural,doğal
natural disaster,doğal afet
naturally,"doğal olarak, doğal yoldan"
nature,doğa
naval,donanma
naval,"donanma, denizcilik"
navigation,deniz yolculuğu
navigator,"gezgin, denizci, haritacı"
navy,donanma
near future,yakın gelecek
nearly,neredeyse
necessary,gerekli
necessity,ihtiyaç
need,"ihtiyaç, ihtiyaç duymak"
negative,olumsuz
neglect,gözardı etmek
neighbourhood,mahalle
neighbouring,komşu
nerve centre,merkez
nervous,gergin
nest,yuva
network,ağ
neuron,nöron
neutral,tarafsız
neutralize,"sıfırlamak, dengelemek"
news,haber
newspaper,gazete
newssheet,gazete
nice,hoş
night,gece
nightclub,gece kulübü
no wonder,şüphesiz
noble,asil
nobleman,asil insan
noisy,gürültülü
nomadic,göçebe
nonfiction,kurgusal olmayan düzyazı türü
non-fictional,"kurgusal olmayan, gerçeğe dayalı"
non-governmental organization,sivil toplum kuruluşu
nonsmoking,sigara içmeyen
non-stop,durmaksızın
noon,öğlen
nose,burun
not necessarily,gerek yok
notably,"göze çarpar biçimde, özellikle"
notice,fark etmek
notify,bilgilendirmek
novel,roman
novelist,roman yazarı
novelty,yenilik
nuclear,nükleer
nuclear family,çekirdek aile
numerous,sayısız
nutrient,besin maddesi
nutrition,beslenme
nutritional value,besin değeri
object,nesne
object to,"itiraz etmek, karşı çıkmak"
objection,itiraz
obscurity,belirsizlik
observation,gözlem
observatory,rasathane
observe,gözlemlemek
obsession,"tutku, takıntı"
obstacle,engel
obstruction,engelleme
obtain,"almak, elde etmek"
obvious,"açık, kesin"
obviously,"açıkça, kesinlikle"
occupant,yolcu
occupy,"hakim olmak, işgal etmek"
occur,"gerçekleşmek, meydana gelmek, oluşmak"
ocean,okyanus
odd,garip
odour,koku
of its own accord,kendiliğinden
of vital importance,büyük öneme sahip
offence,"suç, saldırı"
offer,"sunmak, teklif etmek"
officer,"memur, görevli"
oil,"petrol / yağ, esans"
olive,zeytin
omit,çıkarmak
on a regular basis,düzenli olarak
on account of,sayesinde
on board,araçtaki
on duty,görevli olmak
on one's own,tek başına
on principle,"prensip olarak, ilke olarak"
on time,tam zamanında
once more,bir kez daha
one third,üçte bir
open sea,açık deniz
open up,"açmak, başlatmak"
opinion,görüş
opponent,"muhalif, karşıt görüşlü, rakip"
opportunity,"fırsat, olanak"
oppose,karşı çıkmak
opposite,karşı
opposite,"ters, karşıt"
opposition,"muhalefet, karşı çıkma"
optimism,iyimserlik
orange,portakal
orbit,yörünge
orchid,orkide
order,"emir, istemek"
ordinary,sıradan
organ,organ
organism,organizma
orientation,tanıtım programı
origin,köken
originality,orijinallik
originate,ortaya çıkmak
oscillation,dalgalanma
otherwise,aksi takdirde
Ottoman,Osmanlı
out loud,sesli olarak
outbreak,"patlak vermek (salgın, savaş vs.), ortaya çıkmak"
outcast,serseri
outdoor,sokak
outlook,bakış açısı
outside,dışında
outskirts,şehir dışı
outstanding,"göze çarpan, seçkin"
outweigh,baskın gelmek
over time,zaman içerisinde
overall,"bir uçtan diğerine / genel, bütün"
overcharge,fazla para almak
overcome,üstesinden gelmek
overcrowding,aşırı kalabalık
overgrow,"kaplamak, sarmak"
overhead,başın üzerinde
overpopulated,aşırı kalabalık
overrun,istila etmek
overthrow,(hükümet v.b.) devirmek
overweight,obez
overwhelming,baskın
owe,borçlu olmak
own,kendi / sahip olmak
owner,sahip
ownership,sahiplik
oxidative,oksitlenmeyle ilgili
pack,paketlemek
paediatrician,pediatrist
pain,"acı, ağrı"
painful,"acı, acı verici"
paint,resim yapmak
painter,ressam
painting,tablo
palace,saray
pale,soluk
panoramic,panoramik
paper,kağıt
parade,"gösteri, sergi"
paradise,cennet
parent,ebeveyn
parliament,meclis
parrot,papağan
part,"bölüm, kısım"
partial,kısmi
partially,kısmen
participate in,katılmak
participation,katılım
particle,parçacık
particular,"belli, özel"
particularly,özellikle
partly,kısmen
party,"ekip, grup"
pass,"aktarmak, geçmek"
pass away,vefat etmek
pass out,bayılmak
passage,geçit
passenger,yolcu
passion,tutku
passionate,"tutkulu, ihtiraslı"
pastime,boş zaman aktivitesi
patch,parça
patchwork,"yama, ekleme"
path,"yol, güzergah"
pathetic,zavallı
pathogen,hastalık yapıcı mikrop
pathway,yol
patience,sabır
patient,hasta
patiently,sabırla
pave the way,yolunu açmak
pavement,kaldırım
pay,ödemek
pay attention,"dikkat etmek, önem vermek"
payment,ödeme
peace,barış
peaceful,"barışçıl, huzurlu, sakin, sessiz"
peak,zirve
peasant,köylü
peculiar,özel
peninsula,yarımada
penname,mahlas
people,halk / insanlar
per,başına
perceive,algılamak
percentage,yüzde
perception,algı
perfect,harika
perform,"gerçekleştirmek, sergilemek"
perhaps,belki de
period,dönem
periodical,dergi
permanent,kalıcı
permission,izin
person,kişi
personal,kişisel
personnel,personel
perspective,bakış açısı
persuade,ikna etmek
pest,haşere
pesticide,haşere ilacı
petal,yaprak
Pharaoh,Firavun
phase,evre
phenomenon (pl. phenomena),olgu
philosophy,felsefe
phoenix,zümrüdüanka
photography,fotoğraflama
Phrygians,Frigyalılar
physical,fiziksel
physicist,fizikçi
physics,fizik
physiology,fizyoloji
pick out,ayırt etmek
pick up,"birini bir yerden araçla almak, yakalamak"
picture,resim
piece,parça
pine,çam ağacı
pipe,boru (parçada üflemeli çalgı)
pirate,korsan
pity,acıma
place,"yer, yerleştirmek"
plain,"düzlük, sade"
plainly,açıkça
plan,planlamak
planet,gezegen
planetary,gezegen
planetary motion,gezegen hareketi
plant,"bitki /ekmek, dikmek / santral"
play,"tiyatro oyunu, piyes"
play a part,rol oynamak
player,oyuncu
playwright,tiyatro yazarı
pleasant,keyifli
please,memnun etmek
pleased,mutlu
pleased with,memnun
pleasure,keyif
plenty of,çok
plot,"konu, senaryo"
plowed,sürülmüş
poem,şiir
poet,şair
poetry,"nazım, şiir"
point,"nokta, hüzne"
point of view,bakış açısı
poison,zehir
polar bear,kutup ayısı
pole,kutup
policy,politika
pollute,kirletmek
pollution,kirlilik
polymer,polimer
pool,havuz
poor,"yetersiz, az / fakir"
poor- quality,düşük kaliteli
population,nüfus
port,liman
portative,portatif
porter,taşıyıcı
portrait,portre
portrayal,tasvir
possess,sahip olmak
possession,"eşya, varlık"
post,"resmi görev, atama"
postponement,"rötar, erteleme, geciktirme"
post-war,savaş sonrası
potential,potansiyel
pour,dökmek
poverty,fukaralık
power,güç / enerji / enerji sağlamak
power company,elektrik üretim şirketi
powerful,güçlü
practical,"pratik, işlevsel"
practice,"uygulama, uygulamak"
praise,övgü
praiseworthy,takdire şayan
precaution,önlem
precede,-den önce gelmek
precious,değerli
precisely,kesin olarak
predictable,tahmin edilebilir
prediction,tahmin
prefer,tercih etmek
preferably,tercihen
preference,tercih
prehistoric,tarih öncesi
prehistory,tarih öncesi
preparation,hazırlık
preparatory school,hazırlık okulu
prepare,hazırlamak
pre-schooler,okul öncesi çağdaki çocuk
present,sunmak / var olmak / şu anki
presentation,sunum
present-day,günümüz
presenter,sunucu
preserve,korumak
press,basın
press screening,basın gösterimi (film)
pressure,baskı
presumably,muhtemelen
presume,"öne sürmek, sanmak"
pretty,hoş
prevent,"engellemek, alıkoymak"
prevent sb. from sth.,"engellemek, alıkoymak"
prevention,önleme
previous,önceki
previously,"daha önceleri, önceden"
prey,av
price,"bedel, fiyat"
primarily,öncelikle
primary,"ana, temel, öncelikli"
primitive,"eski, ilkel"
principal,temel
principle,"prensip, ilke"
print,baskı
printer,yazıcı
printing,"basım, matbaa"
printing press,matbaa
prior to,-den önce
private,"şahsi, özel"
private lesson,özel ders
private sector,özel sektör
privately,özel olarak
probably,büyük ihtimalle
proceed,devam etmek
process,"işlem, süreç / işlemek"
proclaim,iddia etmek
produce,üretmek
product,ürün
production,üretim
productivity,üretkenlik
prolific,üretken
promise,söz vermek
promote,"artırmak, desteklemek, tanıtmak"
prompt,"başlatmak, yönlendirmek"
proper,"düzgün, düzenli"
properly,düzgün biçimde
property,"emtia, mal, mülk / özellik"
prophecy,kehanet
proportion,"oran, oranlama"
propose,öne sürmek
prospective,olası
prospector,maden arayan kişi
prosperity,"refah, zenginlik"
prosperous,zengin
protect,korumak
protection,koruma
proudly,gururla
prove,ispatlamak
provide,"sunmak, sağlamak"
provide sb. with,"olanak sağlamak, sunmak"
provide support,destek sağlamak
province,şehir
provision,koşul
provoke,"uyarmak, harekete geçirmek"
psyche,ruh
public,halk
public figure,"önde gelen kişi, ünlü"
public money,kamu ödeneği
public policy,kamu düzeni
publication,yayın
publicity,yaygınlık
publicly,halk önünde
publish,yayımlamak
pull through,iyileşmek
pull up,"kaldırmak, sökmek"
pump,pompalamak
punctual,dakik
punishment,ceza
pupil,öğrenci
purchase,satın alma
purpose,amaç
pursue,"izlemek, yürütmek, takip etmek"
pursuit,takip
purveyor,"tedarikçi, sağlayıcı, dağıtıcı"
push,itmek
put a halt,durdurmak
put aside,biriktirmek
put away,ortadan kaldırmak
put forward,"öne sürmek, ortaya atmak"
put off,ertelemek
put on,giymek
put out,söndürmek
put things right,işleri yoluna koymak
put up,asmak (poster vs.)
qualification,nitelik
quality,"kalite, nitelik"
quantity,"miktar, nicelik"
quarrel,tartışma
quarter,çeyrek
queen,kraliçe
question,"sorgulamak, soru"
questionable,"tartışmalı, şüpheli"
quiet,"sakin, huzurlu, sessiz"
quiz programme,bilgi yarışması
rabies,kuduz
race,"ırk / yarış, koşmak / yarışma"
radiant,parlak
radiation,"radyasyon, ışıma"
raft,sal
railway,demiryolu
rain,yağmur
rain forest,yağmur ormanı
rainfall,yağış
raise,artırmak
range,aralık
range,"kapsam, yelpaze, mesafe"
range from,…ile … arasında değişmek
rapid,hızlı
rapidly,hızla
rare,"ender, nadir"
rarely,nadiren
rat,fare
rate,oran
rather,oldukça
ration,"istihkak, pay"
raw material,hammadde
ray,ışın
reach,erişim / ulaşmak
reach out to,yardım istemek
react,tepki vermek
reaction,tepki
reactor,reaktör
reader,okuyucu
reading,okuyan
ready,hazır
real,gerçek
realistic,gerçekçi
reality,gerçeklik
realize,fark etmek
realm,alan
reason,sebep
reasonable,"makul, mantıklı"
reasonably,makul olarak
reawakening,uyanış
rebirth,yeniden doğuş
recall,hatılamak
receive,"almak, karşılamak"
recent,"son zamanlardaki, yeni"
reception,resepsiyon
recognise,"bilmek, tanımak"
recognizable,anlaşılır
recognize,"tanımak, fark etmek"
recommend,"önermek, tavsiye etmek"
recommendation,öneri
record,"kayıt, kaydetmek"
record industry,müzik kayıt sektörü
recording,kayıt
recover,"düzelmek, iyileşmek"
recovery,iyileşme
recreate,tekrar oluşturmak
recruit,işe almak
recurrent,tekrarlayan
rediscover,yeniden keşfetmek
rediscovery,yeniden keşif
reduce,azaltmak
reduction,azalma
redundant,işsiz
re-establish,yeniden kurmak
refer to,"atıfta bulunmak, -den bahsetmek"
reflect,yansıtmak
reflect on,düşünmek
reflection,yansıma
reform,"düzenleme, yapılandırma"
refreshing,ferahlatıcı
refrigerator,buzdolabı
refusal,ret
refuse,reddetmek
regard as,… olarak görmek
regarding,… ile ilgili
regardless of,"bakılmaksızın, ne olursa olsun"
region,bölge
regret,pişman olmak
regrettably,pişmanlıkla
regular,düzenli
regularly,düzenli olarak
regulate,düzenlemek
reign,saltanat
reject,reddetmek
relate,ilişkilendirmek
relate to,ilişkilendirmek
related,ilişkili
related to,… ile ilişkili
relationship,ilişki
relative,akraba
relative,"nispeten / nispeten, görece"
relativity,görecelilik
relax,rahatlamak
relaxing,"dinlendirici, rahatlatıcı"
release,"açığa çıkarmak, çevreye salmak / kitap, albüm, film vs. piyasaya çıkarmak / tahliye etmek"
relevance,bağıntılılık
relevant,ilgili
reliable,güvenilir
relic,kalıntı
relief,rahatlama
relieve,rahatlatmak
religion,din
religious,dindar / dini
reluctance,isteksizlik
reluctant,isteksiz
rely on,"dayanmak, ihtiyaç duymak, güvenmek, bir şeye bağımlı olmak"
remain,değişmeden kalmak
remain the same,"aynı kalmak, değişmemek"
remain unchanged,değişmeden kalmak
remark,"söz, ifade"
remarkable,"dikkate değer, önemli"
remedy,"çare, deva"
remember,hatırlamak
remind,hatırlatmak
reminiscent,-i anımsatan
remote,uzak
remove,çıkarmak
Renaissance,Rönesans
renew,yenilemek
renewable,yenilenebilir
rent,kiralamak
repair,tamir etmek
repeat,tekrarlamak
repeatedly,defalarca
repetitive,sürekli aynı şeyi tekrar eden
replace,"değiştirmek, yerine geçmek"
replacement,"yedek, yerine geçecek şey- kişi"
replicable,yinelenebilir
report,"rapor, bildiri"
represent,temsil etmek
representative,"temsilci, yansıtan"
republican,cumhuriyetçi
repulse,geri püskürtmek
require,"gerektirmek, ihtiyaç duymak"
requirement,gereksinim
rescue,kurtarma
research,araştırma
researcher,araştırmacı
resemblance,benzerlik
resemble,benzemek
reserve,"rezerv, stok, yedek"
reserved for,"özel, münhasır"
residence,"ev, konut"
resident,"yerli, bir bölgede yaşayan"
residual,kalıcı
resolution,çözünürlük
resource,kaynak
respect,"açı, yön / saygı / saygı duymak"
respectable,"güvenilir, saygın"
respected,saygı duyulan
respectively,sırasıyla
respond,"tepki göstermek, karşılık vermek"
response,"karşılık, yanıt"
responsibility,sorumluluk
responsible,sorumlu
responsible for,sorumlu
rest,dinlenme / geriye kalan
restless,"hareketli, yerinde duramayan"
restoration,"restorasyon, yenileme"
restore,korumak
restricted,sınırlandırılmış
restricted to,"sınırlı, kısıtlı"
restrictive,kısıtlayıcı
restructure,yeniden yapılandırmak
result,sonuç
result from,-den kaynaklanmak
result in,sebep olmak
retain,elde tutmak
retire,emekli olmak
retold,tekrar anlatılan
return,geri dönmek
reusable,yeniden kullanılabilir
reveal,açığa çıkarmak
review,"değerlendirme, eleştiri"
revival,diriliş
revive,dirilmek
revolution,devrim
revolutionary,devrimci
rheumatism,romatizma
rhyme,"uyak, kafiye"
rhythm,ritm
rich,zengin
richness,zenginlik
ride,"ata binmek, sürmek"
rider,sürücü
ridicule,alay
right,"doğru, uygun / hak, haklı"
rigid,"katı, kesin, sert, esnemeyen"
ring,halka
rise,"artmak, yükselmek"
rising,yükselmekte olan
risk,riske atmak
rival,rekabet etmek
rivalry,rekabet
river,"nehir, ırmak"
river bed,nehir yatağı
road,yol
rock,kaya
rocky,kayalık
roll up,"dürmek, katlamak"
room temperature,oda ısısı
root,kök
rose,gül
rotation,dönüş
rough,sert
roughly,"kabaca, yaklaşık"
route,"rota, güzergah"
rub,"ovmak, silmek"
rubbish,çöp
rug,kilim
ruin,"kalıntı, harabe"
rule,"hakimiyet, hükmetmek / kural"
run,"sürmek, devam etmek"
run away,kaçmak
run off,"sızmak, akmak"
run out of,"tüketmek, bitmek"
run over,ezmek
running tap,akan musluk
rural,kırsal
rush hour,"kalabalık saat, iş çıkış saatleri"
rush in,hızla hareket etmek
sad,"üzgün, kederli"
safe,güvenli
safety,güvenlik
safety measure,güvenlik tedbiri
sail,denizde seyahat etmek / yelken
sailor,denizci
salary,maaş
sale,satış
saltiness,tuzluluk
sample,örnek
sand,kum
sandy,kumlu
sardine,sardalya
satellite,uydu
satirize,"yermek, taşlamak"
satisfaction,memnuniyet
satisfied with,memnun
satisfying,tatmin edici
save,"korumak, kurtarmak"
save money,para biriktirmek
saviour,kurtarıcı
saying,"söz, deyiş"
Scandinavia,İskandinavya
scarce,az
scarcely,nadiren
scarcely any,neredeyse hiç
scene,sahne
scenery,manzara
scent,koku
sceptical,şüpheci
schedule,program
scheme,şema
schizophrenia,şizofreni
scholar,bilim insanı
schoolmaster,okul müdürü
science,bilim
scientific,bilimsel
scientist,bilim insanı
scratch,çizim aşaması
screen,ekran
scuba diver,dalgıç
sculpt,heykel yapmak
sculpture,heykel
seabed,deniz yatağı (dibi)
seacoast,deniz kıyısı
seaman,denizci
search,"arama, aramak"
seat,"oturak, koltuk"
seating,oturak
secondary,ikincil
second-hand smoking,pasif içicilik
secret,gizli
secretly,gizli olarak
secular,laik
security,güvenlik
sedentary,sakin
seed,tohum
seek,"amaçlamak, çabalamak, aramak"
seem,gibi görünmek
seem like,gibi görünmek
seep,sızmak
seldom,nadiren
self,"öz, benlik"
self esteem,kendine saygı
self-conscious,bilinçli
self-expression,kendini ifade etme
selfish,bencil
selflessness,bencil olmama
self-sufficiency,kendine yetme
self-taught,kendi kendini eğitmiş
sell,satmak
semidarkness,yarı karanlık
send,göndermek
send for,çağırmak
send out,yollamak
sensation,sansasyon
sensational,"sansasyonel, şaşkınlık yaratan"
sense,"duyu, his, hissetmek"
sensible,"duyarlı, mantıklı"
sensibly,duyarlı bir biçimde
sensitive,hassas
separate,"ayırmak / ayrı, farklı"
separateness,farklılık
series,"dizi, seri"
serious,ciddi
seriously,ciddi bir biçimde
serve,hizmet etmek
service,hizmet
session,seans
set,grup
set off,yola çıkmak
set out,"başlamak, yola çıkmak"
set up,kurmak
settle,yerleşmek
settle down,"durulmak, sakinleşmek"
settlement,yerleşim yeri
several,"birçok, çeşitli"
severe,"ciddi, tehlikeli"
severity,"sertlik, ciddiyet"
sewing machine,dikiş makinesi
shade,gölge
shake,"sallamak, sarsmak"
shallow,sığ
shame,utanç
shape,"şekil, biçim"
share,paylaşmak
shared,ortak
sharp,keskin
sharp-eyed,keskin gözlü
shell,kabuk
shelter,barınak
shine,parlamak
ship,gemi
shipwreck,gemi enkazı
shipbuilding,gemi inşası
shock,şok
shoe,ayakkabı
shoreline,sahil şeridi
shortage,kıtlık
shortcoming,"eksiklik, yetersizlik"
short-sighted,uzağı göremeyen
shout,bağırmak
show,göstermek
show up,ortaya çıkmak
shuttle,mekik
shy,utangaç
side,"taraf, yan"
sight,"manzara, görülecek yer"
sightseeing,"şehir turu, gezi"
sign,"işaret, belirti, gösterge"
sign up,kaydolmak
significance,önem
significant,önemli
significantly,önemli oranda
silkworm,ipek böceği
similar,benzer
similarity,benzerlik
simple,basit
simply,"basitçe, sadece, yalnızca"
simulate,taklit etmek
simulation,"taklit, benzeşim, simülasyon"
single prop,tek pervaneli
sink,(gemi) batmak
sister,kız kardeş
site,"alan, bölge, yer"
situate,konumlandırmak
situated in / on,"bulunmak, yer almak"
situation,durum
size,"boyut, büyüklük"
sketch,gazete yazısı
skier,kayakçı
skilful,kabiliyetli
skill,beceri
skin,"cilt, deri"
skull,kafatası
sky,gökyüzü
skyward,gökyüzüne doğru
sleeper,uyuyan kişi
sleeping pill,uyku hapı
slightly,biraz
slippers,terlik
slow down,yavaşlatmak
small intestine,ince bağırsak
smart,zeki
smell,koku
smuggle,"sızmak, gizlice girmek"
snake,yılan
sneeze,hapşırmak
snow,kar (yağmak)
sociability,"sosyallik, girişkenlik"
social,"sosyal, toplumsal"
society,"topluluk, toplum"
soft,yumuşak
softener,yumuşatıcı
software,yazılım
soil,toprak
solar,güneş
solar farm,güneş enerji santrali
solar power,güneş enerjisi
solar system,güneş sistemi
sold out,"tükenmiş, satılıp bitmiş"
soldier,asker
solely,sadece
solid,katı
solo,tek
solution,çözüm
solve,çözmek
somehow,her nasılsa
somewhat,biraz
sooner or later,er ya da geç
sophisticated,"ileri, karmaşık"
sort,tür
sound,ses
sound-recording,ses kaydı
source,kaynak
souvenir,hediyelik eşya
space,"alan, boşluk, uzay"
space age,uzay çağı
space liner,uzay gemisi
space probe,uzay aracı
space station,uzay istasyonu
space tourism,uzay turizmi
spacecraft,uzay aracı
spaceship,uzay gemisi
Spaniard,İspanyol
sparkling,ışıltılı
speak,"seslenmek, konuşmak"
special,özel
special effect,özel efekt
specialist,uzman
species,tür
specific,"belli, özel"
specifically,özel olarak
specifically-formulated,özel formüllü
specify,belirlemek
spectacle,görüntü
spectacular,"harika, mükemmel"
spectator,izleyici
speculate about,tahminde bulunmak
speech,"konuşma, nutuk"
speed,hız
speed up,hızlandırmak
spend,"(zaman) geçirmek, harcamak"
spend time,zaman geçirmek
spice,baharat
spinning wheel,çıkrık
spirit,"ruh, anlayış"
splendid,muhteşem
splendour,ihtişam
split,parçalamak
spoil,bozmak
spoon,kaşık
spot,"fark etmek, görmek"
spread,"yayılma, yayılmak, yaymak"
stable,"stabil, sabit"
staff,personel
stage,"evre, aşama / sahne, sahnelemek, sergilemek"
stairs,merdiven
stamp,vurmak
stand,kürsü
stand by,"yanında durmak, destek olmak"
stand on,üzerinde durmak
stand out,öne çıkmak
stand still,hareketsiz durmak
standardized,standartlaşmış
staple crop,temel ekin
star,yıldız
stare,bakmak
star-shaped,yıldız şeklinde
state,"belirtmek, söylemek"
statement,ifade
station,istasyon
statue,heykel
status,"statü, durum"
stay the same,aynı kalmak
steadily,düzenli olarak
steady,düzenli
steel,çelik
steep,dik
stem,sap
step,"aşama, adım"
stick,çomak
stiff,sert
stir,karıştırmak
stock exchange,borsa
stomach,mide
stone,taş
stop,"durak, durmak"
stop short of,…e kadar gidememek
store,"saklamak, tutmak"
storm,fırtına
story,"öykü, olay akışı"
story-teller,hikaye anlatan kişi
straight,doğrudan
strain,"germek, zorlamak"
strange,garip
strangely,garip bir biçimde
stranger,yabancı
strategy,strateji
strength,güç
strengthen,güçlendirmek
stress,vurgulamak
stretch,yayılmak
strict,katı
strictly,kesinlikle
strike,grev / vurmak
striking,"büyük, çarpıcı"
strikingly,çarpıcı bir biçimde
stripe,şerit
stroll,yürümek
strong,"güçlü, sert"
structure,yapı
struggle,mücadele etmek
stuck,sıkışmış
study,"araştırma, araştırmak"
style,"tarz, stil"
subatomic,atomaltı
subject,kobay / konu
subjective,öznel
submit to,-e sunmak
subside,dibe çökmek
substance,madde
substantial,önemli ölçüde
substitute for,…ile değiştirmek
substratum,altkatman
subtle,"ince, küçük"
subtle,küçük
succeed,"başarılı olmak, geçmek"
success,başarı
suck,emmek
sudden,ani
suddenly,"aniden, birdenbire"
suffer,"sıkıntı çekmek, hastalık geçirmek, zarar görmek, yaşamak"
suffer an injury,yaralanmak
suffer from,"mağdur olmak, sıkıntı çekmek"
suffering,"acı, acı çekme"
sufficient,yeterli
suggest,"iddia etmek, öne sürmek / önermek, tavsiye etmek"
suggestion,öneri
suit,kıyafet
suitable,uygun
suitably,uygun bir biçimde
suitcase,bavul
suited,uygun
suited to,uygun
sultan,"padişah, sultan"
sum up,özetlemek
summit,zirve
sun,güneş
sunlight,güneş ışığı
sunset,günbatımı
sunspot,güneş lekesi
superficial,yüzeysel
superior,üstün
superstition,batıl inanç
supervision,denetim
supplement,katkı
supplementary,ek
supplier,tedarikçi
supply,"arz / erzak, stok / tedarik etmek, sağlamak"
support,destek (olmak)
supportive,destekleyici
suppose,sanmak
suppress,bastırmak
supreme,üstün
surely,kesinlikle
surface,yüzey
surpass,geçmek
surplus,üretim fazlası
surprising,şaşırtıcı
surround,çevrelemek
surrounding,çevre
survey,araştırmak
survival,hayatta kalma
survive from,-den kalmak
suspect,"kuşkulanmak / şüpheli, sanık"
suspicious,şüpheli
sustainable,sürdürülebilir
sweep through,-de hızla yayılmak
symbol,sembol
sympathy,anlayış
synapse,sinaps
syndrome,sendrom
synonym,eş anlamlı
tail,kuyruk
take,"(zaman) sürmek, vakit almak"
take away,elinden almak
take exercise,egzersiz (spor) yapmak
take into consideration,dikkate almak
take life,can almak
take measures,önlem almak
take off,(uçak) kalkmak
take on,üstlenmek
take over,(görev) devralmak
take part,görev almak
take part,katılmak
take part in,katılmak
take place,"oluşmak, gerçekleşmek"
take pleasure in,keyif almak
take sth. seriously,ciddiye almak
take up,"kariyer, hobi vs. edinmek, yönelmek"
tale,öykü
talent,yetenek
talented,yetenekli
talk,konuşma
talkative,konuşkan
task,"iş, görev"
taste,"tat, lezzet, zevk"
tax,vergi
teach (V2 / 3 taught),öğretmek
teaching,öğreti
tear apart,parçalamak
tedious,"sıkıcı, yorucu"
teenage,ergen
teenager,"genç, ergen"
temperature,sıcaklık
temporary,geçici
tend to,eğilimli olmak
tendency,eğilim
tenderness,hassasiyet
tension,gerilim
term,terim / dönem
terrible,"feci, çok kötü"
terribly,"aşırı, çok"
terrific,"olağanüstü, harika"
territory,bölge
test,sınamak
text,metin
thank goodness,"şükür ki, neyse ki"
the turn of,başı
theatre,tiyatro
theme,"konu, tema"
theme park,eğlence parkı
theoretical,kuramsal
theory,"teori, kuram"
thinker,düşünür
thorough,"geniş, büyük"
thought,düşünce
threat,"tehdit, tehlike"
threaten,tehdit etmek
through,aracılığıyla
throughout,her yerinde
throw,atmak
throw away,çöpe atmak
throw up,bırakmak
ticket,bilet
tie,"bağ, bağlamak"
time,zaman
timetable,zaman çizelgesi
tin,teneke kutu
tiny,küçük
tip,tavsiye / uç
tiring,yorucu
tissue,doku
title,başlık
to some extent,kısmen
together,birlikte
tool,araç
tooth (pl. teeth),diş
top,zirve
top floor,en üst kat
topic,"konu, başlık"
torpedo,"mayın, torpido"
total,toplam
totally,tamamen
touch,dokunmak
tour,"dolaşmak, tur"
tourist attraction,turist çeken yer
tower,kule
town,"şehir, kasaba"
trace,iz
trace back,bir tarihe dayandırmak
track,güzergah / takip etmek
trade,"ticaret, ticaret yapmak"
tradition,gelenek
traditional,geleneksel
traditionally,geleneksel olarak
traffic light,trafik lambası
tragedy,"tragedya, trajedi"
tragic,"trajik, hüzünlü"
train,eğitmek
training,"antrenman, eğitim"
transform,dönüştürmek
transmit,"geçmek, bulaşmak, aktarmak"
transport,"taşımacılık, ulaşım"
trap,"kapana kısılmak, sıkışıp kalmak / kapan"
travel,seyahat / seyahat etmek
traveller,seyyah
tray,tepsi
treasure,"hazine, define"
treat,"bakmak, ilgilenmek / davranmak / tedavi etmek"
treatment,tedavi
treaty,anlaşma
tree,ağaç
trend,akım
tribe,kabile
tribute money,vergi
trip,gezi
trivia,ıvır zıvır
trivial,"önemsiz, değersiz"
troop,birlik
trouble,"sorun, güçlük"
troubled,sorunlu
Troy,Truva
TRUE,doğru
truly,"gerçekçi bir biçimde, gerçekten"
trust,güvenmek
truth,gerçek
try,"çabalamak, uğraşmak / denemek"
try on,(kıyafet) denemek
tuberculosis,verem
tunnel,tünel
turbine,türbin
turn against sb.,sırt çevirmek
turn down,reddetmek
turn into,dönüşmek
turn off,(ışık v.b.) kapatmak
turn on,açmak
turn out,sonuçlanmak
turn out to be,… olduğu ortaya çıkmak
turn over,"çevirmek, döndürmek"
turn up,(ses) artırmak / bir yere gitmek
turtle,kaplumbağa
tutor,öğretmek
twice,iki kez
twin,ikiz
twin threat,ikiz tehdit
two thirds,üçte iki
type,"tip, tür / (daktilo) yazmak"
typical,"tipik, bildik"
ugliness,çirkinlik
ugly,çirkin
ultimate,"son, nihai"
ultimately,"nihayet, sonunda"
unable,-ebilemez
unacceptable,kabul edilemez
unattractive,çekici olmayan
unauthorized,izinsiz
unavoidable,kaçınılmaz
uncertain,belirsiz
uncomfortable,rahatsız
uncommon,nadir
unconquered,"keşfedilmemiş, fethedilmemiş"
under consideration,dikkate alınan
underestimate,azımsamak
undergo,dönüşmek
underground,yer altı
underlie,altında yatmak
underlying,altında yatan
understand,anlamak
understanding,anlayış
undertake,"yürütmek, üstlenmek"
undervalue,azımsamak
underwater,su altı
underworld,yeraldı
undoubtedly,şüphesiz
unearth,topraktan çıkarmak
uneasiness,rahatsızlık
uneducated,eğitimsiz
unexpected,beklenmedik
unfairly,adil olmayan bir biçimde
unfamiliar,tanıdık olmayan
unfit,zinde olmayan
unforgettable,unutulmaz
unfortunate,şanssız
unfortunately,"maalesef, ne yazık ki"
unhappy,üzücü
unify,bütünleşmek
uninteresting,ilgi çekici olmayan
union,birlik
unique,eşsiz
unit,birim
united,birlik
universal,evrensel
universe,evren
unkind,kaba
unknown,bilinmeyen
unlike,"aksine, tersine"
unlikely,"mümkün görünmeyen, uzak, konuyla bağlantısız"
unmapped,haritalanmamış
unmarried,evli olmayan
unnecessarily,gereksiz yere
unnecessary,gereksiz
unpaved,kaldırımsız
unpleasant,"nahoş, çirkin, üzücü"
unprecedented,eşi benzeri görülmemiş
unpredictable,tahmin edilemez
unpublished,yayımlanmamış
unrealistic,gerçek dışı
unrelated,ilgisiz
unreliable,güvenilmez
unremarkably,genellikle
unsinkable,batmaz
unsurpassed,eşsiz
unusual,sıradışı
unusually,sıra dışı
unwisely,düşüncesizce
upgrade,yükseltmek
upper,üst
upper class,üst tabaka
upset,"üzgün, üzmek"
up-to-date,güncel
urban,kentsel
urea,üre
urgent,acil
urine,idrar
usable,kullanılabilir
use,"kullanım, kullanmak"
use up,tüketmek
useful,faydalı
usefulness,kullanışlılık
useless,işe yaramaz
user,kullanıcı
utility,"fayda, işe yararlık"
utmost,son derece
vaccine,aşı
vague,"belirsiz, muğlak"
valid,geçerli
validity,geçerlilik
valley,vadi
valuable,değerli
value,"değer, kıymet, fiyat, bedel / değer vermek"
vanish,"yok olmak, silinmek"
variable,değişken
variation,değişim
varied,çeşitli
variety,"çeşit, çeşitlilik"
various,çeşitli
vary,değişmek
varying,değişken
vast,"geniş, kapsamlı, uçsuz bucaksız"
vegetable,sebze
versatile,çok yönlü
verse,uyaksız şiir
very few,çok az sayıda
vibrant,"canlı, coşkulu"
vibration,titreşim
view,"görüş, manzara, görüntü"
viewer,izleyici
village,köy
violence,şiddet
violent,vahşi
virtually,"gerçekten, neredeyse"
visible,görünür
vision,öngörü
visit,ziyaret etmek
visitor,ziyaretçi
visual,görsel
visualisation,görsel
vital,kritik
vivid,canlı
vivid,"canlı, hareketli"
vividly,canlı bir biçimde
vocabulary,sözcükler
vocalist,"vokalist, şarkıcı"
voice,ses
volume,(kitap) cilt
volunteer,gönüllü
vote,oy
voyage,yolculuk
wage,"maaş, ücret"
wait on,eşlik etmek
waiter,garson
walk,yürümek
walk off,alıp gitmek
walking stick,baston
wall,duvar
walnut,ceviz
war,savaş
war vessel,savaş gemisi
warm,"sıcak, ılık"
warn,uyarmak
waste,"boşa harcamak, ziyan etmek, israf etmek"
waste product,atık
watch out for,dikkat etmek
watermelon,karpuz
waterway,su yolu
wave,dalga
way,"yol, biçim, yöntem"
way of life,yaşam biçimi
weaken,zayıflatmak
weakness,zayıf yön
wealth,"zenginlik, refah"
wealthy,zengin
wear,giymek / aşındırmak
weather,hava durumu
wedding,düğün
weed,zararlı ot
weekly,haftalık
weight,ağırlık
welfare,"refah, zenginlik"
well funded,iyi finanse edilmiş
well- known,bildik
well off,zengin
well-being,"refah, mutluluk, zenginlik"
well-informed,bilgili
well-paid,dolgun ücretli
west,batı
Westerner,Batılı
wet,"ıslak, nemli, yağışlı"
whale,balina
What's wrong?,Sorun / Problem ne?
whatsoever,herhangi bir
wheat,buğday
whole,"bütün, tam"
widely,yaygın olarak
widen,genişletmek
wide-ranging,kapsamlı
widespread,yaygın
wild,vahşi
wilderness,"ıssız bölge, vahşi doğa"
wildflower,yabani çiçek
wildlife,yaban hayatı
willing to,"istekli, hevesli"
win,kazanmak
wind,rüzgar
wind farm,rüzgar türbinlerinin olduğu araziler
windblown,rüzgarla sürüklenen
windmill,"rüzgar santrali, yeldeğirmeni"
window,pencere
wing,kanat
wise,bilge
wit,nüktedan
witchcraft,cadı
with care,özenle
with regard to,… ile ilgili
withstand,"dayanmak, karşı koymak"
witness,"karşılaşmak, tanık olmak / tanık"
wolf,kurt
wonder,"düşünmek, merak / merak etmek"
wonderful,"harika, muhteşem"
wood,"ağaç, odun, ahşap"
woods,orman
woody bamboo,odunsu bambu
work,eser
work force,iş gücü
work of art,sanat eseri
work out,"çalışmak, hesaplamak, çözmek"
workable,üzerinde çalışılabilir
workforce,işgücü
working hour,çalışma saati
worldwide,dünya çapında
worried,endişeli
worry,endişelenmek
worship,"ibadet, ibadet etmek"
worth,değer / -e değer
wound,yara
write,yazmak
write down,yazıya dökmek
writer,yazar
wrong,"hata, hatalı"
